pathway_id	pathway_name	kc
R-HSA-193634	Axonal growth inhibition (RHOA activation)	ACTIVATES STRESS SIGNALING PATHWAYS;ALTERS CELL PROLIFERATION AND CELL DEATH
R-HSA-209563	Axonal growth stimulation	ACTIVATES STRESS SIGNALING PATHWAYS;ALTERS CELL PROLIFERATION AND CELL DEATH
R-HSA-140534	Caspase activation via Death Receptors in the presence of ligand	ACTIVATES STRESS SIGNALING PATHWAYS;ALTERS CELL PROLIFERATION AND CELL DEATH
R-HSA-418889	Caspase activation via Dependence Receptors in the absence of ligand	ACTIVATES STRESS SIGNALING PATHWAYS;ALTERS CELL PROLIFERATION AND CELL DEATH
R-HSA-5357769	Caspase activation via extrinsic apoptotic signalling pathway	ACTIVATES STRESS SIGNALING PATHWAYS;ALTERS CELL PROLIFERATION AND CELL DEATH
R-HSA-204998	Cell death signalling via NRAGE, NRIF and NADE	ACTIVATES STRESS SIGNALING PATHWAYS;ALTERS CELL PROLIFERATION AND CELL DEATH
R-HSA-193681	Ceramide signalling	ACTIVATES STRESS SIGNALING PATHWAYS;ALTERS CELL PROLIFERATION AND CELL DEATH
R-HSA-73887	Death Receptor Signaling	ACTIVATES STRESS SIGNALING PATHWAYS;ALTERS CELL PROLIFERATION AND CELL DEATH
R-HSA-69416	Dimerization of procaspase-8	ACTIVATES STRESS SIGNALING PATHWAYS;ALTERS CELL PROLIFERATION AND CELL DEATH
R-HSA-75157	FasL/ CD95L signaling	ACTIVATES STRESS SIGNALING PATHWAYS;ALTERS CELL PROLIFERATION AND CELL DEATH
R-HSA-205025	NADE modulates death signalling	ACTIVATES STRESS SIGNALING PATHWAYS;ALTERS CELL PROLIFERATION AND CELL DEATH
R-HSA-209560	NF-kB is activated and signals survival	ACTIVATES STRESS SIGNALING PATHWAYS;ALTERS CELL PROLIFERATION AND CELL DEATH
R-HSA-205017	NFG and proNGF binds to p75NTR	ACTIVATES STRESS SIGNALING PATHWAYS;ALTERS CELL PROLIFERATION AND CELL DEATH
R-HSA-193648	NRAGE signals death through JNK	ACTIVATES STRESS SIGNALING PATHWAYS;ALTERS CELL PROLIFERATION AND CELL DEATH
R-HSA-205043	NRIF signals cell death from the nucleus	ACTIVATES STRESS SIGNALING PATHWAYS;ALTERS CELL PROLIFERATION AND CELL DEATH
R-HSA-193692	Regulated proteolysis of p75NTR	ACTIVATES STRESS SIGNALING PATHWAYS;ALTERS CELL PROLIFERATION AND CELL DEATH
R-HSA-3371378	Regulation by c-FLIP	ACTIVATES STRESS SIGNALING PATHWAYS;ALTERS CELL PROLIFERATION AND CELL DEATH
R-HSA-5357905	Regulation of TNFR1 signaling	ACTIVATES STRESS SIGNALING PATHWAYS;ALTERS CELL PROLIFERATION AND CELL DEATH
R-HSA-75893	TNF signaling	ACTIVATES STRESS SIGNALING PATHWAYS;ALTERS CELL PROLIFERATION AND CELL DEATH
R-HSA-5357956	TNFR1-induced NF-kappa-B signaling pathway	ACTIVATES STRESS SIGNALING PATHWAYS;ALTERS CELL PROLIFERATION AND CELL DEATH
R-HSA-5357786	TNFR1-induced proapoptotic signaling	ACTIVATES STRESS SIGNALING PATHWAYS;ALTERS CELL PROLIFERATION AND CELL DEATH
R-HSA-5626978	TNFR1-mediated ceramide production	ACTIVATES STRESS SIGNALING PATHWAYS;ALTERS CELL PROLIFERATION AND CELL DEATH
R-HSA-75158	TRAIL  signaling	ACTIVATES STRESS SIGNALING PATHWAYS;ALTERS CELL PROLIFERATION AND CELL DEATH
R-HSA-193704	p75 NTR receptor-mediated signalling	ACTIVATES STRESS SIGNALING PATHWAYS;ALTERS CELL PROLIFERATION AND CELL DEATH
R-HSA-193670	p75NTR negatively regulates cell cycle via SC1	ACTIVATES STRESS SIGNALING PATHWAYS;ALTERS CELL PROLIFERATION AND CELL DEATH
R-HSA-209543	p75NTR recruits signalling complexes	ACTIVATES STRESS SIGNALING PATHWAYS;ALTERS CELL PROLIFERATION AND CELL DEATH
R-HSA-193697	p75NTR regulates axonogenesis	ACTIVATES STRESS SIGNALING PATHWAYS;ALTERS CELL PROLIFERATION AND CELL DEATH
R-HSA-193639	p75NTR signals via NF-kB	ACTIVATES STRESS SIGNALING PATHWAYS;ALTERS CELL PROLIFERATION AND CELL DEATH
R-HSA-198753	ERK/MAPK targets	ACTIVATES STRESS SIGNALING PATHWAYS;CAUSES INFLAMMATION
R-HSA-450321	JNK (c-Jun kinases) phosphorylation and  activation mediated by activated human TAK1	ACTIVATES STRESS SIGNALING PATHWAYS;CAUSES INFLAMMATION
R-HSA-450294	MAP kinase activation	ACTIVATES STRESS SIGNALING PATHWAYS;CAUSES INFLAMMATION
R-HSA-450282	MAPK targets/ Nuclear events mediated by MAP kinases	ACTIVATES STRESS SIGNALING PATHWAYS;CAUSES INFLAMMATION
R-HSA-450302	activated TAK1 mediates p38 MAPK activation	ACTIVATES STRESS SIGNALING PATHWAYS;CAUSES INFLAMMATION
R-HSA-179409	APC-Cdc20 mediated degradation of Nek2A	ALTERS CELL PROLIFERATION AND CELL DEATH
R-HSA-174143	APC/C-mediated degradation of cell cycle proteins	ALTERS CELL PROLIFERATION AND CELL DEATH
R-HSA-174048	APC/C:Cdc20 mediated degradation of Cyclin B	ALTERS CELL PROLIFERATION AND CELL DEATH
R-HSA-174154	APC/C:Cdc20 mediated degradation of Securin	ALTERS CELL PROLIFERATION AND CELL DEATH
R-HSA-176409	APC/C:Cdc20 mediated degradation of mitotic proteins	ALTERS CELL PROLIFERATION AND CELL DEATH
R-HSA-174178	APC/C:Cdh1 mediated degradation of Cdc20 and other APC/C:Cdh1 targeted proteins in late mitosis/early G1	ALTERS CELL PROLIFERATION AND CELL DEATH
R-HSA-179419	APC:Cdc20 mediated degradation of cell cycle proteins prior to satisfation of the cell cycle checkpoint	ALTERS CELL PROLIFERATION AND CELL DEATH
R-HSA-8854518	AURKA Activation by TPX2	ALTERS CELL PROLIFERATION AND CELL DEATH
R-HSA-9659787	Aberrant regulation of mitotic G1/S transition in cancer due to RB1 defects	ALTERS CELL PROLIFERATION AND CELL DEATH
R-HSA-9687139	Aberrant regulation of mitotic cell cycle due to RB1 defects	ALTERS CELL PROLIFERATION AND CELL DEATH
R-HSA-9687136	Aberrant regulation of mitotic exit in cancer due to RB1 defects	ALTERS CELL PROLIFERATION AND CELL DEATH
R-HSA-2122948	Activated NOTCH1 Transmits Signal to the Nucleus	ALTERS CELL PROLIFERATION AND CELL DEATH
R-HSA-111452	Activation and oligomerization of BAK protein	ALTERS CELL PROLIFERATION AND CELL DEATH
R-HSA-176814	Activation of APC/C and APC/C:Cdc20 mediated degradation of mitotic proteins	ALTERS CELL PROLIFERATION AND CELL DEATH
R-HSA-176187	Activation of ATR in response to replication stress	ALTERS CELL PROLIFERATION AND CELL DEATH
R-HSA-111447	Activation of BAD and translocation to mitochondria	ALTERS CELL PROLIFERATION AND CELL DEATH
R-HSA-114452	Activation of BH3-only proteins	ALTERS CELL PROLIFERATION AND CELL DEATH
R-HSA-111446	Activation of BIM and translocation to mitochondria	ALTERS CELL PROLIFERATION AND CELL DEATH
R-HSA-139910	Activation of BMF and translocation to mitochondria	ALTERS CELL PROLIFERATION AND CELL DEATH
R-HSA-2980767	Activation of NIMA Kinases NEK9, NEK6, NEK7	ALTERS CELL PROLIFERATION AND CELL DEATH
R-HSA-111448	Activation of NOXA and translocation to mitochondria	ALTERS CELL PROLIFERATION AND CELL DEATH
R-HSA-139915	Activation of PUMA and translocation to mitochondria	ALTERS CELL PROLIFERATION AND CELL DEATH
R-HSA-111459	Activation of caspases through apoptosome-mediated cleavage	ALTERS CELL PROLIFERATION AND CELL DEATH
R-HSA-68962	Activation of the pre-replicative complex	ALTERS CELL PROLIFERATION AND CELL DEATH
R-HSA-75108	Activation, myristolyation of BID and translocation to mitochondria	ALTERS CELL PROLIFERATION AND CELL DEATH
R-HSA-114294	Activation, translocation and oligomerization of BAX	ALTERS CELL PROLIFERATION AND CELL DEATH
R-HSA-9646399	Aggrephagy	ALTERS CELL PROLIFERATION AND CELL DEATH
R-HSA-9006821	Alternative Lengthening of Telomeres (ALT)	ALTERS CELL PROLIFERATION AND CELL DEATH
R-HSA-141444	Amplification  of signal from unattached  kinetochores via a MAD2  inhibitory signal	ALTERS CELL PROLIFERATION AND CELL DEATH
R-HSA-141424	Amplification of signal from the kinetochores	ALTERS CELL PROLIFERATION AND CELL DEATH
R-HSA-109581	Apoptosis	ALTERS CELL PROLIFERATION AND CELL DEATH
R-HSA-140342	Apoptosis induced DNA fragmentation	ALTERS CELL PROLIFERATION AND CELL DEATH
R-HSA-351906	Apoptotic cleavage of cell adhesion  proteins	ALTERS CELL PROLIFERATION AND CELL DEATH
R-HSA-111465	Apoptotic cleavage of cellular proteins	ALTERS CELL PROLIFERATION AND CELL DEATH
R-HSA-75153	Apoptotic execution phase	ALTERS CELL PROLIFERATION AND CELL DEATH
R-HSA-111471	Apoptotic factor-mediated response	ALTERS CELL PROLIFERATION AND CELL DEATH
R-HSA-68616	Assembly of the ORC complex at the origin of replication	ALTERS CELL PROLIFERATION AND CELL DEATH
R-HSA-68867	Assembly of the pre-replicative complex	ALTERS CELL PROLIFERATION AND CELL DEATH
R-HSA-4608870	Asymmetric localization of PCP proteins	ALTERS CELL PROLIFERATION AND CELL DEATH
R-HSA-174084	Autodegradation of Cdh1 by Cdh1:APC/C	ALTERS CELL PROLIFERATION AND CELL DEATH
R-HSA-349425	Autodegradation of the E3 ubiquitin ligase COP1	ALTERS CELL PROLIFERATION AND CELL DEATH
R-HSA-9612973	Autophagy	ALTERS CELL PROLIFERATION AND CELL DEATH
R-HSA-111453	BH3-only proteins associate with and inactivate anti-apoptotic BCL-2 members	ALTERS CELL PROLIFERATION AND CELL DEATH
R-HSA-3858494	Beta-catenin independent WNT signaling	ALTERS CELL PROLIFERATION AND CELL DEATH
R-HSA-196299	Beta-catenin phosphorylation cascade	ALTERS CELL PROLIFERATION AND CELL DEATH
R-HSA-4411364	Binding of TCF/LEF:CTNNB1 to target gene promoters	ALTERS CELL PROLIFERATION AND CELL DEATH
R-HSA-352238	Breakdown of the nuclear lamina	ALTERS CELL PROLIFERATION AND CELL DEATH
R-HSA-5218900	CASP8 activity is inhibited	ALTERS CELL PROLIFERATION AND CELL DEATH
R-HSA-68689	CDC6 association with the ORC:origin complex	ALTERS CELL PROLIFERATION AND CELL DEATH
R-HSA-69017	CDK-mediated phosphorylation and removal of Cdc6	ALTERS CELL PROLIFERATION AND CELL DEATH
R-HSA-4086398	Ca2+ pathway	ALTERS CELL PROLIFERATION AND CELL DEATH
R-HSA-174184	Cdc20:Phospho-APC/C mediated degradation of Cyclin A	ALTERS CELL PROLIFERATION AND CELL DEATH
R-HSA-1640170	Cell Cycle	ALTERS CELL PROLIFERATION AND CELL DEATH
R-HSA-69620	Cell Cycle Checkpoints	ALTERS CELL PROLIFERATION AND CELL DEATH
R-HSA-69278	Cell Cycle, Mitotic	ALTERS CELL PROLIFERATION AND CELL DEATH
R-HSA-2559583	Cellular Senescence	ALTERS CELL PROLIFERATION AND CELL DEATH
R-HSA-380287	Centrosome maturation	ALTERS CELL PROLIFERATION AND CELL DEATH
R-HSA-9613829	Chaperone Mediated Autophagy	ALTERS CELL PROLIFERATION AND CELL DEATH
R-HSA-75035	Chk1/Chk2(Cds1) mediated inactivation of Cyclin B:Cdk1 complex	ALTERS CELL PROLIFERATION AND CELL DEATH
R-HSA-73886	Chromosome Maintenance	ALTERS CELL PROLIFERATION AND CELL DEATH
R-HSA-2470946	Cohesin Loading onto Chromatin	ALTERS CELL PROLIFERATION AND CELL DEATH
R-HSA-2514853	Condensation of Prometaphase Chromosomes	ALTERS CELL PROLIFERATION AND CELL DEATH
R-HSA-2299718	Condensation of Prophase Chromosomes	ALTERS CELL PROLIFERATION AND CELL DEATH
R-HSA-176407	Conversion from APC/C:Cdc20 to APC/C:Cdh1 in late anaphase	ALTERS CELL PROLIFERATION AND CELL DEATH
R-HSA-69273	Cyclin A/B1/B2 associated events during G2/M transition	ALTERS CELL PROLIFERATION AND CELL DEATH
R-HSA-69656	Cyclin A:Cdk2-associated events at S phase entry	ALTERS CELL PROLIFERATION AND CELL DEATH
R-HSA-69231	Cyclin D associated events in G1	ALTERS CELL PROLIFERATION AND CELL DEATH
R-HSA-69202	Cyclin E associated events during G1/S transition	ALTERS CELL PROLIFERATION AND CELL DEATH
R-HSA-111461	Cytochrome c-mediated apoptotic response	ALTERS CELL PROLIFERATION AND CELL DEATH
R-HSA-69306	DNA Replication	ALTERS CELL PROLIFERATION AND CELL DEATH
R-HSA-69002	DNA Replication Pre-Initiation	ALTERS CELL PROLIFERATION AND CELL DEATH
R-HSA-68952	DNA replication initiation	ALTERS CELL PROLIFERATION AND CELL DEATH
R-HSA-69190	DNA strand elongation	ALTERS CELL PROLIFERATION AND CELL DEATH
R-HSA-3769402	Deactivation of the beta-catenin transactivating complex	ALTERS CELL PROLIFERATION AND CELL DEATH
R-HSA-9670621	Defective Inhibition of DNA Recombination at Telomere	ALTERS CELL PROLIFERATION AND CELL DEATH
R-HSA-9670615	Defective Inhibition of DNA Recombination at Telomere Due to ATRX Mutations	ALTERS CELL PROLIFERATION AND CELL DEATH
R-HSA-9670613	Defective Inhibition of DNA Recombination at Telomere Due to DAXX Mutations	ALTERS CELL PROLIFERATION AND CELL DEATH
R-HSA-9734009	Defective Intrinsic Pathway for Apoptosis	ALTERS CELL PROLIFERATION AND CELL DEATH
R-HSA-9645722	Defective Intrinsic Pathway for Apoptosis Due to p14ARF Loss of Function	ALTERS CELL PROLIFERATION AND CELL DEATH
R-HSA-9693928	Defective RIPK1-mediated regulated necrosis	ALTERS CELL PROLIFERATION AND CELL DEATH
R-HSA-9710421	Defective pyroptosis	ALTERS CELL PROLIFERATION AND CELL DEATH
R-HSA-4641257	Degradation of AXIN	ALTERS CELL PROLIFERATION AND CELL DEATH
R-HSA-4641258	Degradation of DVL	ALTERS CELL PROLIFERATION AND CELL DEATH
R-HSA-195253	Degradation of beta-catenin by the destruction complex	ALTERS CELL PROLIFERATION AND CELL DEATH
R-HSA-4419969	Depolymerization of the Nuclear Lamina	ALTERS CELL PROLIFERATION AND CELL DEATH
R-HSA-606279	Deposition of new CENPA-containing nucleosomes at the centromere	ALTERS CELL PROLIFERATION AND CELL DEATH
R-HSA-4641262	Disassembly of the destruction complex and recruitment of AXIN to the membrane	ALTERS CELL PROLIFERATION AND CELL DEATH
R-HSA-9673013	Diseases of Telomere Maintenance	ALTERS CELL PROLIFERATION AND CELL DEATH
R-HSA-9675126	Diseases of mitotic cell cycle	ALTERS CELL PROLIFERATION AND CELL DEATH
R-HSA-9645723	Diseases of programmed cell death	ALTERS CELL PROLIFERATION AND CELL DEATH
R-HSA-9754119	Drug-mediated inhibition of CDK4/CDK6 activity	ALTERS CELL PROLIFERATION AND CELL DEATH
R-HSA-113510	E2F mediated regulation of DNA replication	ALTERS CELL PROLIFERATION AND CELL DEATH
R-HSA-113507	E2F-enabled inhibition of pre-replication complex formation	ALTERS CELL PROLIFERATION AND CELL DEATH
R-HSA-9648025	EML4 and NUDC in mitotic spindle formation	ALTERS CELL PROLIFERATION AND CELL DEATH
R-HSA-380972	Energy dependent regulation of mTOR by LKB1-AMPK	ALTERS CELL PROLIFERATION AND CELL DEATH
R-HSA-2468052	Establishment of Sister Chromatid Cohesion	ALTERS CELL PROLIFERATION AND CELL DEATH
R-HSA-180786	Extension of Telomeres	ALTERS CELL PROLIFERATION AND CELL DEATH
R-HSA-8854050	FBXL7 down-regulates AURKA during mitotic entry and in early mitosis	ALTERS CELL PROLIFERATION AND CELL DEATH
R-HSA-9617828	FOXO-mediated transcription of cell cycle genes	ALTERS CELL PROLIFERATION AND CELL DEATH
R-HSA-9614657	FOXO-mediated transcription of cell death genes	ALTERS CELL PROLIFERATION AND CELL DEATH
R-HSA-111458	Formation of apoptosome	ALTERS CELL PROLIFERATION AND CELL DEATH
R-HSA-201722	Formation of the beta-catenin:TCF transactivating complex	ALTERS CELL PROLIFERATION AND CELL DEATH
R-HSA-1538133	G0 and Early G1	ALTERS CELL PROLIFERATION AND CELL DEATH
R-HSA-69236	G1 Phase	ALTERS CELL PROLIFERATION AND CELL DEATH
R-HSA-69615	G1/S DNA Damage Checkpoints	ALTERS CELL PROLIFERATION AND CELL DEATH
R-HSA-69206	G1/S Transition	ALTERS CELL PROLIFERATION AND CELL DEATH
R-HSA-69205	G1/S-Specific Transcription	ALTERS CELL PROLIFERATION AND CELL DEATH
R-HSA-68911	G2 Phase	ALTERS CELL PROLIFERATION AND CELL DEATH
R-HSA-69481	G2/M Checkpoints	ALTERS CELL PROLIFERATION AND CELL DEATH
R-HSA-69473	G2/M DNA damage checkpoint	ALTERS CELL PROLIFERATION AND CELL DEATH
R-HSA-69478	G2/M DNA replication checkpoint	ALTERS CELL PROLIFERATION AND CELL DEATH
R-HSA-69275	G2/M Transition	ALTERS CELL PROLIFERATION AND CELL DEATH
R-HSA-162658	Golgi Cisternae Pericentriolar Stack Reorganization	ALTERS CELL PROLIFERATION AND CELL DEATH
R-HSA-141430	Inactivation of APC/C via direct inhibition of the APC/C complex	ALTERS CELL PROLIFERATION AND CELL DEATH
R-HSA-9670095	Inhibition of DNA recombination at telomere	ALTERS CELL PROLIFERATION AND CELL DEATH
R-HSA-113501	Inhibition of replication initiation of damaged DNA by RB1/E2F1	ALTERS CELL PROLIFERATION AND CELL DEATH
R-HSA-141405	Inhibition of the proteolytic activity of APC/C required for the onset of anaphase by mitotic spindle checkpoint components	ALTERS CELL PROLIFERATION AND CELL DEATH
R-HSA-2995383	Initiation of Nuclear Envelope (NE) Reformation	ALTERS CELL PROLIFERATION AND CELL DEATH
R-HSA-8854521	Interaction between PHLDA1 and AURKA	ALTERS CELL PROLIFERATION AND CELL DEATH
R-HSA-109606	Intrinsic Pathway for Apoptosis	ALTERS CELL PROLIFERATION AND CELL DEATH
R-HSA-69186	Lagging Strand Synthesis	ALTERS CELL PROLIFERATION AND CELL DEATH
R-HSA-9615710	Late endosomal microautophagy	ALTERS CELL PROLIFERATION AND CELL DEATH
R-HSA-69109	Leading Strand Synthesis	ALTERS CELL PROLIFERATION AND CELL DEATH
R-HSA-9723907	Loss of Function of TP53 in Cancer	ALTERS CELL PROLIFERATION AND CELL DEATH
R-HSA-380259	Loss of Nlp from mitotic centrosomes	ALTERS CELL PROLIFERATION AND CELL DEATH
R-HSA-9723905	Loss of function of TP53 in cancer due to loss of tetramerization ability	ALTERS CELL PROLIFERATION AND CELL DEATH
R-HSA-380284	Loss of proteins required for interphase microtubule organization from the centrosome	ALTERS CELL PROLIFERATION AND CELL DEATH
R-HSA-68886	M Phase	ALTERS CELL PROLIFERATION AND CELL DEATH
R-HSA-5674135	MAP2K and MAPK activation	ALTERS CELL PROLIFERATION AND CELL DEATH
R-HSA-5683057	MAPK family signaling cascades	ALTERS CELL PROLIFERATION AND CELL DEATH
R-HSA-112411	MAPK1 (ERK2) activation	ALTERS CELL PROLIFERATION AND CELL DEATH
R-HSA-5684996	MAPK1/MAPK3 signaling	ALTERS CELL PROLIFERATION AND CELL DEATH
R-HSA-110056	MAPK3 (ERK1) activation	ALTERS CELL PROLIFERATION AND CELL DEATH
R-HSA-5687128	MAPK6/MAPK4 signaling	ALTERS CELL PROLIFERATION AND CELL DEATH
R-HSA-2465910	MASTL Facilitates Mitotic Progression	ALTERS CELL PROLIFERATION AND CELL DEATH
R-HSA-165159	MTOR signalling	ALTERS CELL PROLIFERATION AND CELL DEATH
R-HSA-1632852	Macroautophagy	ALTERS CELL PROLIFERATION AND CELL DEATH
R-HSA-9686347	Microbial modulation of RIPK1-mediated regulated necrosis	ALTERS CELL PROLIFERATION AND CELL DEATH
R-HSA-68882	Mitotic Anaphase	ALTERS CELL PROLIFERATION AND CELL DEATH
R-HSA-453279	Mitotic G1 phase and G1/S transition	ALTERS CELL PROLIFERATION AND CELL DEATH
R-HSA-453274	Mitotic G2-G2/M phases	ALTERS CELL PROLIFERATION AND CELL DEATH
R-HSA-2555396	Mitotic Metaphase and Anaphase	ALTERS CELL PROLIFERATION AND CELL DEATH
R-HSA-68881	Mitotic Metaphase/Anaphase Transition	ALTERS CELL PROLIFERATION AND CELL DEATH
R-HSA-68877	Mitotic Prometaphase	ALTERS CELL PROLIFERATION AND CELL DEATH
R-HSA-68875	Mitotic Prophase	ALTERS CELL PROLIFERATION AND CELL DEATH
R-HSA-69618	Mitotic Spindle Checkpoint	ALTERS CELL PROLIFERATION AND CELL DEATH
R-HSA-68884	Mitotic Telophase/Cytokinesis	ALTERS CELL PROLIFERATION AND CELL DEATH
R-HSA-2122947	NOTCH1 Intracellular Domain Regulates Transcription	ALTERS CELL PROLIFERATION AND CELL DEATH
R-HSA-2979096	NOTCH2 Activation and Transmission of Signal to the Nucleus	ALTERS CELL PROLIFERATION AND CELL DEATH
R-HSA-2197563	NOTCH2 intracellular domain regulates transcription	ALTERS CELL PROLIFERATION AND CELL DEATH
R-HSA-9013507	NOTCH3 Activation and Transmission of Signal to the Nucleus	ALTERS CELL PROLIFERATION AND CELL DEATH
R-HSA-9013508	NOTCH3 Intracellular Domain Regulates Transcription	ALTERS CELL PROLIFERATION AND CELL DEATH
R-HSA-9013700	NOTCH4 Activation and Transmission of Signal to the Nucleus	ALTERS CELL PROLIFERATION AND CELL DEATH
R-HSA-9013695	NOTCH4 Intracellular Domain Regulates Transcription	ALTERS CELL PROLIFERATION AND CELL DEATH
R-HSA-5674499	Negative feedback regulation of MAPK pathway	ALTERS CELL PROLIFERATION AND CELL DEATH
R-HSA-5675221	Negative regulation of MAPK pathway	ALTERS CELL PROLIFERATION AND CELL DEATH
R-HSA-9604323	Negative regulation of NOTCH4 signaling	ALTERS CELL PROLIFERATION AND CELL DEATH
R-HSA-5368598	Negative regulation of TCF-dependent signaling by DVL-interacting proteins	ALTERS CELL PROLIFERATION AND CELL DEATH
R-HSA-3772470	Negative regulation of TCF-dependent signaling by WNT ligand antagonists	ALTERS CELL PROLIFERATION AND CELL DEATH
R-HSA-9017802	Noncanonical activation of NOTCH3	ALTERS CELL PROLIFERATION AND CELL DEATH
R-HSA-2995410	Nuclear Envelope (NE) Reassembly	ALTERS CELL PROLIFERATION AND CELL DEATH
R-HSA-2980766	Nuclear Envelope Breakdown	ALTERS CELL PROLIFERATION AND CELL DEATH
R-HSA-3301854	Nuclear Pore Complex (NPC) Disassembly	ALTERS CELL PROLIFERATION AND CELL DEATH
R-HSA-774815	Nucleosome assembly	ALTERS CELL PROLIFERATION AND CELL DEATH
R-HSA-2559585	Oncogene Induced Senescence	ALTERS CELL PROLIFERATION AND CELL DEATH
R-HSA-68949	Orc1 removal from chromatin	ALTERS CELL PROLIFERATION AND CELL DEATH
R-HSA-4086400	PCP/CE pathway	ALTERS CELL PROLIFERATION AND CELL DEATH
R-HSA-6811555	PI5P Regulates TP53 Acetylation	ALTERS CELL PROLIFERATION AND CELL DEATH
R-HSA-171306	Packaging Of Telomere Ends	ALTERS CELL PROLIFERATION AND CELL DEATH
R-HSA-176417	Phosphorylation of Emi1	ALTERS CELL PROLIFERATION AND CELL DEATH
R-HSA-69200	Phosphorylation of proteins involved in G1/S transition by active Cyclin E:Cdk2 complexes	ALTERS CELL PROLIFERATION AND CELL DEATH
R-HSA-176412	Phosphorylation of the APC/C	ALTERS CELL PROLIFERATION AND CELL DEATH
R-HSA-156711	Polo-like kinase mediated events	ALTERS CELL PROLIFERATION AND CELL DEATH
R-HSA-69091	Polymerase switching	ALTERS CELL PROLIFERATION AND CELL DEATH
R-HSA-174411	Polymerase switching on the C-strand of the telomere	ALTERS CELL PROLIFERATION AND CELL DEATH
R-HSA-9615933	Postmitotic nuclear pore complex (NPC) reformation	ALTERS CELL PROLIFERATION AND CELL DEATH
R-HSA-1912422	Pre-NOTCH Expression and Processing	ALTERS CELL PROLIFERATION AND CELL DEATH
R-HSA-1912420	Pre-NOTCH Processing in Golgi	ALTERS CELL PROLIFERATION AND CELL DEATH
R-HSA-1912399	Pre-NOTCH Processing in the Endoplasmic Reticulum	ALTERS CELL PROLIFERATION AND CELL DEATH
R-HSA-1912408	Pre-NOTCH Transcription and Translation	ALTERS CELL PROLIFERATION AND CELL DEATH
R-HSA-174414	Processive synthesis on the C-strand of the telomere	ALTERS CELL PROLIFERATION AND CELL DEATH
R-HSA-69183	Processive synthesis on the lagging strand	ALTERS CELL PROLIFERATION AND CELL DEATH
R-HSA-5673000	RAF activation	ALTERS CELL PROLIFERATION AND CELL DEATH
R-HSA-112409	RAF-independent MAPK1/3 activation	ALTERS CELL PROLIFERATION AND CELL DEATH
R-HSA-5673001	RAF/MAP kinase cascade	ALTERS CELL PROLIFERATION AND CELL DEATH
R-HSA-9648002	RAS processing	ALTERS CELL PROLIFERATION AND CELL DEATH
R-HSA-5213460	RIPK1-mediated regulated necrosis	ALTERS CELL PROLIFERATION AND CELL DEATH
R-HSA-8952158	RUNX3 regulates BCL2L11 (BIM) transcription	ALTERS CELL PROLIFERATION AND CELL DEATH
R-HSA-8951430	RUNX3 regulates WNT signaling	ALTERS CELL PROLIFERATION AND CELL DEATH
R-HSA-380320	Recruitment of NuMA to mitotic centrosomes	ALTERS CELL PROLIFERATION AND CELL DEATH
R-HSA-380270	Recruitment of mitotic centrosome proteins and complexes	ALTERS CELL PROLIFERATION AND CELL DEATH
R-HSA-5218859	Regulated Necrosis	ALTERS CELL PROLIFERATION AND CELL DEATH
R-HSA-176408	Regulation of APC/C activators between G1/S and early anaphase	ALTERS CELL PROLIFERATION AND CELL DEATH
R-HSA-169911	Regulation of Apoptosis	ALTERS CELL PROLIFERATION AND CELL DEATH
R-HSA-4641263	Regulation of FZD by ubiquitination	ALTERS CELL PROLIFERATION AND CELL DEATH
R-HSA-211728	Regulation of PAK-2p34 activity by PS-GAP/RHG10	ALTERS CELL PROLIFERATION AND CELL DEATH
R-HSA-2565942	Regulation of PLK1 Activity at G2/M Transition	ALTERS CELL PROLIFERATION AND CELL DEATH
R-HSA-5658442	Regulation of RAS by GAPs	ALTERS CELL PROLIFERATION AND CELL DEATH
R-HSA-5633007	Regulation of TP53 Activity	ALTERS CELL PROLIFERATION AND CELL DEATH
R-HSA-6804758	Regulation of TP53 Activity through Acetylation	ALTERS CELL PROLIFERATION AND CELL DEATH
R-HSA-6804759	Regulation of TP53 Activity through Association with Co-factors	ALTERS CELL PROLIFERATION AND CELL DEATH
R-HSA-6804760	Regulation of TP53 Activity through Methylation	ALTERS CELL PROLIFERATION AND CELL DEATH
R-HSA-6804756	Regulation of TP53 Activity through Phosphorylation	ALTERS CELL PROLIFERATION AND CELL DEATH
R-HSA-6804757	Regulation of TP53 Degradation	ALTERS CELL PROLIFERATION AND CELL DEATH
R-HSA-6804754	Regulation of TP53 Expression	ALTERS CELL PROLIFERATION AND CELL DEATH
R-HSA-6806003	Regulation of TP53 Expression and Degradation	ALTERS CELL PROLIFERATION AND CELL DEATH
R-HSA-211733	Regulation of activated PAK-2p34 by proteasome mediated degradation	ALTERS CELL PROLIFERATION AND CELL DEATH
R-HSA-453276	Regulation of mitotic cell cycle	ALTERS CELL PROLIFERATION AND CELL DEATH
R-HSA-5675482	Regulation of necroptotic cell death	ALTERS CELL PROLIFERATION AND CELL DEATH
R-HSA-9627069	Regulation of the apoptosome activity	ALTERS CELL PROLIFERATION AND CELL DEATH
R-HSA-111457	Release of apoptotic factors from the mitochondria	ALTERS CELL PROLIFERATION AND CELL DEATH
R-HSA-69166	Removal of the Flap Intermediate	ALTERS CELL PROLIFERATION AND CELL DEATH
R-HSA-174437	Removal of the Flap Intermediate from the C-strand	ALTERS CELL PROLIFERATION AND CELL DEATH
R-HSA-4641265	Repression of WNT target genes	ALTERS CELL PROLIFERATION AND CELL DEATH
R-HSA-2500257	Resolution of Sister Chromatid Cohesion	ALTERS CELL PROLIFERATION AND CELL DEATH
R-HSA-69242	S Phase	ALTERS CELL PROLIFERATION AND CELL DEATH
R-HSA-187577	SCF(Skp2)-mediated degradation of p27/p21	ALTERS CELL PROLIFERATION AND CELL DEATH
R-HSA-174113	SCF-beta-TrCP mediated degradation of Emi1	ALTERS CELL PROLIFERATION AND CELL DEATH
R-HSA-111463	SMAC (DIABLO) binds to IAPs	ALTERS CELL PROLIFERATION AND CELL DEATH
R-HSA-111464	SMAC(DIABLO)-mediated dissociation of IAP:caspase complexes	ALTERS CELL PROLIFERATION AND CELL DEATH
R-HSA-111469	SMAC, XIAP-regulated apoptotic response	ALTERS CELL PROLIFERATION AND CELL DEATH
R-HSA-9668328	Sealing of the nuclear envelope (NE) by ESCRT-III	ALTERS CELL PROLIFERATION AND CELL DEATH
R-HSA-9663891	Selective autophagy	ALTERS CELL PROLIFERATION AND CELL DEATH
R-HSA-2559582	Senescence-Associated Secretory Phenotype (SASP)	ALTERS CELL PROLIFERATION AND CELL DEATH
R-HSA-2467813	Separation of Sister Chromatids	ALTERS CELL PROLIFERATION AND CELL DEATH
R-HSA-2028269	Signaling by Hippo	ALTERS CELL PROLIFERATION AND CELL DEATH
R-HSA-157118	Signaling by NOTCH	ALTERS CELL PROLIFERATION AND CELL DEATH
R-HSA-1980143	Signaling by NOTCH1	ALTERS CELL PROLIFERATION AND CELL DEATH
R-HSA-1980145	Signaling by NOTCH2	ALTERS CELL PROLIFERATION AND CELL DEATH
R-HSA-9012852	Signaling by NOTCH3	ALTERS CELL PROLIFERATION AND CELL DEATH
R-HSA-9013694	Signaling by NOTCH4	ALTERS CELL PROLIFERATION AND CELL DEATH
R-HSA-194138	Signaling by VEGF	ALTERS CELL PROLIFERATION AND CELL DEATH
R-HSA-195721	Signaling by WNT	ALTERS CELL PROLIFERATION AND CELL DEATH
R-HSA-69541	Stabilization of p53	ALTERS CELL PROLIFERATION AND CELL DEATH
R-HSA-211736	Stimulation of the cell death response by PAK-2p34	ALTERS CELL PROLIFERATION AND CELL DEATH
R-HSA-69052	Switching of origins to a post-replicative state	ALTERS CELL PROLIFERATION AND CELL DEATH
R-HSA-69239	Synthesis of DNA	ALTERS CELL PROLIFERATION AND CELL DEATH
R-HSA-201681	TCF dependent signaling in response to WNT	ALTERS CELL PROLIFERATION AND CELL DEATH
R-HSA-6803207	TP53 Regulates Transcription of Caspase Activators and Caspases	ALTERS CELL PROLIFERATION AND CELL DEATH
R-HSA-6791312	TP53 Regulates Transcription of Cell Cycle Genes	ALTERS CELL PROLIFERATION AND CELL DEATH
R-HSA-5633008	TP53 Regulates Transcription of Cell Death Genes	ALTERS CELL PROLIFERATION AND CELL DEATH
R-HSA-6803211	TP53 Regulates Transcription of Death Receptors and Ligands	ALTERS CELL PROLIFERATION AND CELL DEATH
R-HSA-6803204	TP53 Regulates Transcription of Genes Involved in Cytochrome C Release	ALTERS CELL PROLIFERATION AND CELL DEATH
R-HSA-6804116	TP53 Regulates Transcription of Genes Involved in G1 Cell Cycle Arrest	ALTERS CELL PROLIFERATION AND CELL DEATH
R-HSA-6804114	TP53 Regulates Transcription of Genes Involved in G2 Cell Cycle Arrest	ALTERS CELL PROLIFERATION AND CELL DEATH
R-HSA-6804115	TP53 regulates transcription of additional cell cycle genes whose exact role in the p53 pathway remain uncertain	ALTERS CELL PROLIFERATION AND CELL DEATH
R-HSA-6803205	TP53 regulates transcription of several additional cell death genes whose specific roles in p53-dependent apoptosis remain uncertain	ALTERS CELL PROLIFERATION AND CELL DEATH
R-HSA-174417	Telomere C-strand (Lagging Strand) Synthesis	ALTERS CELL PROLIFERATION AND CELL DEATH
R-HSA-174430	Telomere C-strand synthesis initiation	ALTERS CELL PROLIFERATION AND CELL DEATH
R-HSA-171319	Telomere Extension By Telomerase	ALTERS CELL PROLIFERATION AND CELL DEATH
R-HSA-157579	Telomere Maintenance	ALTERS CELL PROLIFERATION AND CELL DEATH
R-HSA-8852276	The role of GTSE1 in G2/M progression after G2 checkpoint	ALTERS CELL PROLIFERATION AND CELL DEATH
R-HSA-1362277	Transcription of E2F targets under negative control by DREAM complex	ALTERS CELL PROLIFERATION AND CELL DEATH
R-HSA-1362300	Transcription of E2F targets under negative control by p107 (RBL1) and p130 (RBL2) in complex with HDAC1	ALTERS CELL PROLIFERATION AND CELL DEATH
R-HSA-69895	Transcriptional  activation of  cell cycle inhibitor p21	ALTERS CELL PROLIFERATION AND CELL DEATH
R-HSA-3700989	Transcriptional Regulation by TP53	ALTERS CELL PROLIFERATION AND CELL DEATH
R-HSA-69560	Transcriptional activation of p53 responsive genes	ALTERS CELL PROLIFERATION AND CELL DEATH
R-HSA-75815	Ubiquitin-dependent degradation of Cyclin D	ALTERS CELL PROLIFERATION AND CELL DEATH
R-HSA-176974	Unwinding of DNA	ALTERS CELL PROLIFERATION AND CELL DEATH
R-HSA-195399	VEGF binds to VEGFR leading to receptor dimerization	ALTERS CELL PROLIFERATION AND CELL DEATH
R-HSA-194313	VEGF ligand-receptor interactions	ALTERS CELL PROLIFERATION AND CELL DEATH
R-HSA-4420097	VEGFA-VEGFR2 Pathway	ALTERS CELL PROLIFERATION AND CELL DEATH
R-HSA-5218921	VEGFR2 mediated cell proliferation	ALTERS CELL PROLIFERATION AND CELL DEATH
R-HSA-5218920	VEGFR2 mediated vascular permeability	ALTERS CELL PROLIFERATION AND CELL DEATH
R-HSA-3238698	WNT ligand biogenesis and trafficking	ALTERS CELL PROLIFERATION AND CELL DEATH
R-HSA-201688	WNT mediated activation of DVL	ALTERS CELL PROLIFERATION AND CELL DEATH
R-HSA-5140745	WNT5A-dependent internalization of FZD2, FZD5 and ROR2	ALTERS CELL PROLIFERATION AND CELL DEATH
R-HSA-5099900	WNT5A-dependent internalization of FZD4	ALTERS CELL PROLIFERATION AND CELL DEATH
R-HSA-166208	mTORC1-mediated signalling	ALTERS CELL PROLIFERATION AND CELL DEATH
R-HSA-69563	p53-Dependent G1 DNA Damage Response	ALTERS CELL PROLIFERATION AND CELL DEATH
R-HSA-69580	p53-Dependent G1/S DNA damage checkpoint	ALTERS CELL PROLIFERATION AND CELL DEATH
R-HSA-5620971	Pyroptosis	ALTERS CELL PROLIFERATION AND CELL DEATH;CAUSES INFLAMMATION
R-HSA-2473224	Antagonism of Activin by Follistatin	ALTERS CELL PROLIFERATION AND CELL DEATH;CAUSES INFLAMMATION;CAUSES LIVER FIBROSIS
R-HSA-2173795	Downregulation of SMAD2/3:SMAD4 transcriptional activity	ALTERS CELL PROLIFERATION AND CELL DEATH;CAUSES INFLAMMATION;CAUSES LIVER FIBROSIS
R-HSA-2173788	Downregulation of TGF-beta receptor signaling	ALTERS CELL PROLIFERATION AND CELL DEATH;CAUSES INFLAMMATION;CAUSES LIVER FIBROSIS
R-HSA-2173796	SMAD2/SMAD3:SMAD4 heterotrimer regulates transcription	ALTERS CELL PROLIFERATION AND CELL DEATH;CAUSES INFLAMMATION;CAUSES LIVER FIBROSIS
R-HSA-201451	Signaling by BMP	ALTERS CELL PROLIFERATION AND CELL DEATH;CAUSES INFLAMMATION;CAUSES LIVER FIBROSIS
R-HSA-170834	Signaling by TGF-beta Receptor Complex	ALTERS CELL PROLIFERATION AND CELL DEATH;CAUSES INFLAMMATION;CAUSES LIVER FIBROSIS
R-HSA-2173789	TGF-beta receptor signaling activates SMADs	ALTERS CELL PROLIFERATION AND CELL DEATH;CAUSES INFLAMMATION;CAUSES LIVER FIBROSIS
R-HSA-2173791	TGF-beta receptor signaling in EMT (epithelial to mesenchymal transition)	ALTERS CELL PROLIFERATION AND CELL DEATH;CAUSES INFLAMMATION;CAUSES LIVER FIBROSIS
R-HSA-2173793	Transcriptional activity of SMAD2/SMAD3:SMAD4 heterotrimer	ALTERS CELL PROLIFERATION AND CELL DEATH;CAUSES INFLAMMATION;CAUSES LIVER FIBROSIS
R-HSA-5205647	Mitophagy	ALTERS CELL PROLIFERATION AND CELL DEATH;CAUSES MITOCHONDRIAL DYSFUNCTION
R-HSA-5205685	PINK1-PRKN Mediated Mitophagy	ALTERS CELL PROLIFERATION AND CELL DEATH;CAUSES MITOCHONDRIAL DYSFUNCTION
R-HSA-8934903	Receptor Mediated Mitophagy	ALTERS CELL PROLIFERATION AND CELL DEATH;CAUSES MITOCHONDRIAL DYSFUNCTION
R-HSA-2559586	DNA Damage/Telomere Stress Induced Senescence	ALTERS CELL PROLIFERATION AND CELL DEATH;CAUSES MITOCHONDRIAL DYSFUNCTION;INDUCES OXIDATIVE STRESS
R-HSA-2559584	Formation of Senescence-Associated Heterochromatin Foci (SAHF)	ALTERS CELL PROLIFERATION AND CELL DEATH;CAUSES MITOCHONDRIAL DYSFUNCTION;INDUCES OXIDATIVE STRESS
R-HSA-2559580	Oxidative Stress Induced Senescence	ALTERS CELL PROLIFERATION AND CELL DEATH;CAUSES MITOCHONDRIAL DYSFUNCTION;INDUCES OXIDATIVE STRESS
R-HSA-264870	Caspase-mediated cleavage of cytoskeletal proteins	ALTERS CELL PROLIFERATION AND CELL DEATH;DISRUPTS CELLULAR CYTOSKELETON
R-HSA-9613354	Lipophagy	ALTERS CELL PROLIFERATION AND CELL DEATH;DISRUPTS LIPID AND PROTEIN METABOLISM OR CAUSES DYSLIPIDEMIA
R-HSA-4615885	SUMOylation of DNA replication proteins	ALTERS CELL PROLIFERATION AND CELL DEATH;DISRUPTS LIPID AND PROTEIN METABOLISM OR CAUSES DYSLIPIDEMIA
R-HSA-9614085	FOXO-mediated transcription	ALTERS CELL PROLIFERATION AND CELL DEATH;INDUCES OXIDATIVE STRESS
R-HSA-9664873	Pexophagy	ALTERS CELL PROLIFERATION AND CELL DEATH;INDUCES OXIDATIVE STRESS
R-HSA-5579013	Defective CYP7B1 causes SPG5A and CBAS3	CAUSES CHOLESTASIS
R-HSA-5678520	Defective ABCB11 causes PFIC2 and BRIC2	CAUSES CHOLESTASIS;DISRUPTS TRANSPORT FUNCTION
R-HSA-5678771	Defective ABCB4 causes PFIC3, ICP3 and GBD1	CAUSES CHOLESTASIS;DISRUPTS TRANSPORT FUNCTION
R-HSA-174577	Activation of C3 and C5	CAUSES INFLAMMATION
R-HSA-1169091	Activation of NF-kappaB in B cells	CAUSES INFLAMMATION
R-HSA-1169092	Activation of RAS in B cells	CAUSES INFLAMMATION
R-HSA-450341	Activation of the AP-1 family of transcription factors	CAUSES INFLAMMATION
R-HSA-1280218	Adaptive Immune System	CAUSES INFLAMMATION
R-HSA-879415	Advanced glycosylation endproduct receptor signaling	CAUSES INFLAMMATION
R-HSA-1462054	Alpha-defensins	CAUSES INFLAMMATION
R-HSA-9645460	Alpha-protein kinase 1 signaling pathway	CAUSES INFLAMMATION
R-HSA-173736	Alternative complement activation	CAUSES INFLAMMATION
R-HSA-983170	Antigen Presentation: Folding, assembly and peptide loading of class I MHC	CAUSES INFLAMMATION
R-HSA-983695	Antigen activates B Cell Receptor (BCR) leading to generation of second messengers	CAUSES INFLAMMATION
R-HSA-1236975	Antigen processing-Cross presentation	CAUSES INFLAMMATION
R-HSA-983168	Antigen processing: Ubiquitination & Proteasome degradation	CAUSES INFLAMMATION
R-HSA-6803157	Antimicrobial peptides	CAUSES INFLAMMATION
R-HSA-1461957	Beta defensins	CAUSES INFLAMMATION
R-HSA-8851680	Butyrophilin (BTN) family interactions	CAUSES INFLAMMATION
R-HSA-5621481	C-type lectin receptors (CLRs)	CAUSES INFLAMMATION
R-HSA-5621575	CD209 (DC-SIGN) signaling	CAUSES INFLAMMATION
R-HSA-5690714	CD22 mediated BCR regulation	CAUSES INFLAMMATION
R-HSA-389357	CD28 dependent PI3K/Akt signaling	CAUSES INFLAMMATION
R-HSA-389359	CD28 dependent Vav1 pathway	CAUSES INFLAMMATION
R-HSA-5607763	CLEC7A (Dectin-1) induces NFAT activation	CAUSES INFLAMMATION
R-HSA-5607764	CLEC7A (Dectin-1) signaling	CAUSES INFLAMMATION
R-HSA-5660668	CLEC7A/inflammasome pathway	CAUSES INFLAMMATION
R-HSA-199920	CREB phosphorylation	CAUSES INFLAMMATION
R-HSA-2025928	Calcineurin activates NFAT	CAUSES INFLAMMATION
R-HSA-983169	Class I MHC mediated antigen processing & presentation	CAUSES INFLAMMATION
R-HSA-173623	Classical antibody-mediated complement activation	CAUSES INFLAMMATION
R-HSA-166658	Complement cascade	CAUSES INFLAMMATION
R-HSA-166786	Creation of C4 and C2 activators	CAUSES INFLAMMATION
R-HSA-1236973	Cross-presentation of particulate exogenous antigens (phagosomes)	CAUSES INFLAMMATION
R-HSA-1236978	Cross-presentation of soluble exogenous antigens (endosomes)	CAUSES INFLAMMATION
R-HSA-1280215	Cytokine Signaling in Immune system	CAUSES INFLAMMATION
R-HSA-1834949	Cytosolic sensors of pathogen-associated DNA	CAUSES INFLAMMATION
R-HSA-2172127	DAP12 interactions	CAUSES INFLAMMATION
R-HSA-2424491	DAP12 signaling	CAUSES INFLAMMATION
R-HSA-168928	DDX58/IFIH1-mediated induction of interferon-alpha/beta	CAUSES INFLAMMATION
R-HSA-3134963	DEx/H-box helicases activate type I IFN and inflammatory cytokines production	CAUSES INFLAMMATION
R-HSA-5607761	Dectin-1 mediated noncanonical NF-kB signaling	CAUSES INFLAMMATION
R-HSA-5621480	Dectin-2 family	CAUSES INFLAMMATION
R-HSA-1461973	Defensins	CAUSES INFLAMMATION
R-HSA-5602358	Diseases associated with the TLR signaling cascade	CAUSES INFLAMMATION
R-HSA-5260271	Diseases of Immune System	CAUSES INFLAMMATION
R-HSA-202424	Downstream TCR signaling	CAUSES INFLAMMATION
R-HSA-1168372	Downstream signaling events of B Cell Receptor (BCR)	CAUSES INFLAMMATION
R-HSA-1236974	ER-Phagosome pathway	CAUSES INFLAMMATION
R-HSA-202670	ERKs are inactivated	CAUSES INFLAMMATION
R-HSA-1236977	Endosomal/Vacuolar pathway	CAUSES INFLAMMATION
R-HSA-8941413	Events associated with phagocytolytic activity of PMN cells	CAUSES INFLAMMATION
R-HSA-2871809	FCERI mediated Ca+2 mobilization	CAUSES INFLAMMATION
R-HSA-2871796	FCERI mediated MAPK activation	CAUSES INFLAMMATION
R-HSA-2871837	FCERI mediated NF-kB activation	CAUSES INFLAMMATION
R-HSA-2029481	FCGR activation	CAUSES INFLAMMATION
R-HSA-9607240	FLT3 Signaling	CAUSES INFLAMMATION
R-HSA-9706374	FLT3 signaling through SRC family kinases	CAUSES INFLAMMATION
R-HSA-2454202	Fc epsilon receptor (FCERI) signaling	CAUSES INFLAMMATION
R-HSA-2029480	Fcgamma receptor (FCGR) dependent phagocytosis	CAUSES INFLAMMATION
R-HSA-2855086	Ficolins bind to repetitive carbohydrate structures on the target cell surface	CAUSES INFLAMMATION
R-HSA-8950505	Gene and protein expression by JAK-STAT signaling after Interleukin-12 stimulation	CAUSES INFLAMMATION
R-HSA-202433	Generation of second messenger molecules	CAUSES INFLAMMATION
R-HSA-982772	Growth hormone receptor signaling	CAUSES INFLAMMATION
R-HSA-9732724	IFNG signaling activates MAPKs	CAUSES INFLAMMATION
R-HSA-5602636	IKBKB deficiency causes SCID	CAUSES INFLAMMATION
R-HSA-5603027	IKBKG deficiency causes anhidrotic ectodermal dysplasia with immunodeficiency (EDA-ID) (via TLR)	CAUSES INFLAMMATION
R-HSA-937041	IKK complex recruitment mediated by RIP1	CAUSES INFLAMMATION
R-HSA-6788467	IL-6-type cytokine receptor ligand interactions	CAUSES INFLAMMATION
R-HSA-937039	IRAK1 recruits IKK complex	CAUSES INFLAMMATION
R-HSA-975144	IRAK1 recruits IKK complex upon TLR7/8 or 9 stimulation	CAUSES INFLAMMATION
R-HSA-937042	IRAK2 mediated activation of TAK1 complex	CAUSES INFLAMMATION
R-HSA-975163	IRAK2 mediated activation of TAK1 complex upon TLR7/8 or 9 stimulation	CAUSES INFLAMMATION
R-HSA-5603041	IRAK4 deficiency (TLR2/4)	CAUSES INFLAMMATION
R-HSA-5603037	IRAK4 deficiency (TLR5)	CAUSES INFLAMMATION
R-HSA-1606341	IRF3 mediated activation of type 1 IFN	CAUSES INFLAMMATION
R-HSA-3270619	IRF3-mediated induction of type I IFN	CAUSES INFLAMMATION
R-HSA-1169408	ISG15 antiviral mechanism	CAUSES INFLAMMATION
R-HSA-5603029	IkBA variant leads to EDA-ID	CAUSES INFLAMMATION
R-HSA-168256	Immune System	CAUSES INFLAMMATION
R-HSA-198933	Immunoregulatory interactions between a Lymphoid and a non-Lymphoid cell	CAUSES INFLAMMATION
R-HSA-9705462	Inactivation of CSF3 (G-CSF) signaling	CAUSES INFLAMMATION
R-HSA-622312	Inflammasomes	CAUSES INFLAMMATION
R-HSA-166663	Initial triggering of complement	CAUSES INFLAMMATION
R-HSA-168249	Innate Immune System	CAUSES INFLAMMATION
R-HSA-913531	Interferon Signaling	CAUSES INFLAMMATION
R-HSA-909733	Interferon alpha/beta signaling	CAUSES INFLAMMATION
R-HSA-877300	Interferon gamma signaling	CAUSES INFLAMMATION
R-HSA-912526	Interleukin receptor SHC signaling	CAUSES INFLAMMATION
R-HSA-446652	Interleukin-1 family signaling	CAUSES INFLAMMATION
R-HSA-448706	Interleukin-1 processing	CAUSES INFLAMMATION
R-HSA-9020702	Interleukin-1 signaling	CAUSES INFLAMMATION
R-HSA-6783783	Interleukin-10 signaling	CAUSES INFLAMMATION
R-HSA-447115	Interleukin-12 family signaling	CAUSES INFLAMMATION
R-HSA-9020591	Interleukin-12 signaling	CAUSES INFLAMMATION
R-HSA-8983432	Interleukin-15 signaling	CAUSES INFLAMMATION
R-HSA-448424	Interleukin-17 signaling	CAUSES INFLAMMATION
R-HSA-9012546	Interleukin-18 signaling	CAUSES INFLAMMATION
R-HSA-451927	Interleukin-2 family signaling	CAUSES INFLAMMATION
R-HSA-9020558	Interleukin-2 signaling	CAUSES INFLAMMATION
R-HSA-8854691	Interleukin-20 family signaling	CAUSES INFLAMMATION
R-HSA-9020958	Interleukin-21 signaling	CAUSES INFLAMMATION
R-HSA-9020933	Interleukin-23 signaling	CAUSES INFLAMMATION
R-HSA-9020956	Interleukin-27 signaling	CAUSES INFLAMMATION
R-HSA-512988	Interleukin-3, Interleukin-5 and GM-CSF signaling	CAUSES INFLAMMATION
R-HSA-9014843	Interleukin-33 signaling	CAUSES INFLAMMATION
R-HSA-8984722	Interleukin-35 Signalling	CAUSES INFLAMMATION
R-HSA-9014826	Interleukin-36 pathway	CAUSES INFLAMMATION
R-HSA-9008059	Interleukin-37 signaling	CAUSES INFLAMMATION
R-HSA-9007892	Interleukin-38 signaling	CAUSES INFLAMMATION
R-HSA-6785807	Interleukin-4 and Interleukin-13 signaling	CAUSES INFLAMMATION
R-HSA-6783589	Interleukin-6 family signaling	CAUSES INFLAMMATION
R-HSA-1059683	Interleukin-6 signaling	CAUSES INFLAMMATION
R-HSA-1266695	Interleukin-7 signaling	CAUSES INFLAMMATION
R-HSA-8985947	Interleukin-9 signaling	CAUSES INFLAMMATION
R-HSA-6803544	Ion influx/efflux at host-pathogen interface	CAUSES INFLAMMATION
R-HSA-3134973	LRR FLII-interacting protein 1 (LRRFIP1) activates type I IFN production	CAUSES INFLAMMATION
R-HSA-166662	Lectin pathway of complement activation	CAUSES INFLAMMATION
R-HSA-5684264	MAP3K8 (TPL2)-dependent MAPK1/3 activation	CAUSES INFLAMMATION
R-HSA-2132295	MHC class II antigen presentation	CAUSES INFLAMMATION
R-HSA-6799990	Metal sequestration by antimicrobial proteins	CAUSES INFLAMMATION
R-HSA-975871	MyD88 cascade initiated on plasma membrane	CAUSES INFLAMMATION
R-HSA-5602498	MyD88 deficiency (TLR2/4)	CAUSES INFLAMMATION
R-HSA-5602680	MyD88 deficiency (TLR5)	CAUSES INFLAMMATION
R-HSA-975155	MyD88 dependent cascade initiated on endosome	CAUSES INFLAMMATION
R-HSA-166166	MyD88-independent TLR4 cascade	CAUSES INFLAMMATION
R-HSA-166058	MyD88:MAL(TIRAP) cascade initiated on plasma membrane	CAUSES INFLAMMATION
R-HSA-933543	NF-kB activation through FADD/RIP-1 pathway mediated by caspase-8 and -10	CAUSES INFLAMMATION
R-HSA-5676590	NIK-->noncanonical NF-kB signaling	CAUSES INFLAMMATION
R-HSA-168638	NOD1/2 Signaling Pathway	CAUSES INFLAMMATION
R-HSA-9706369	Negative regulation of FLT3	CAUSES INFLAMMATION
R-HSA-936440	Negative regulators of DDX58/IFIH1 signaling	CAUSES INFLAMMATION
R-HSA-6798695	Neutrophil degranulation	CAUSES INFLAMMATION
R-HSA-168643	Nucleotide-binding domain, leucine rich repeat containing receptor (NLR) signaling pathways	CAUSES INFLAMMATION
R-HSA-8983711	OAS antiviral response	CAUSES INFLAMMATION
R-HSA-449836	Other interleukin signaling	CAUSES INFLAMMATION
R-HSA-9833482	PKR-mediated signaling	CAUSES INFLAMMATION
R-HSA-202427	Phosphorylation of CD3 and TCR zeta chains	CAUSES INFLAMMATION
R-HSA-1170546	Prolactin receptor signaling	CAUSES INFLAMMATION
R-HSA-1810476	RIP-mediated NFkB activation via ZBP1	CAUSES INFLAMMATION
R-HSA-1222556	ROS and RNS production in phagocytes	CAUSES INFLAMMATION
R-HSA-392517	Rap1 signalling	CAUSES INFLAMMATION
R-HSA-3248023	Regulation by TREX1	CAUSES INFLAMMATION
R-HSA-977606	Regulation of Complement cascade	CAUSES INFLAMMATION
R-HSA-912694	Regulation of IFNA/IFNB signaling	CAUSES INFLAMMATION
R-HSA-877312	Regulation of IFNG signaling	CAUSES INFLAMMATION
R-HSA-9758274	Regulation of NF-kappa B signaling	CAUSES INFLAMMATION
R-HSA-5686938	Regulation of TLR by endogenous ligand	CAUSES INFLAMMATION
R-HSA-2029482	Regulation of actin dynamics for phagocytic cup formation	CAUSES INFLAMMATION
R-HSA-3134975	Regulation of innate immune responses to cytosolic DNA	CAUSES INFLAMMATION
R-HSA-912631	Regulation of signaling by CBL	CAUSES INFLAMMATION
R-HSA-2730905	Role of LAT2/NTAL/LAB on calcium mobilization	CAUSES INFLAMMATION
R-HSA-2029485	Role of phospholipids in phagocytosis	CAUSES INFLAMMATION
R-HSA-9645135	STAT5 Activation	CAUSES INFLAMMATION
R-HSA-3249367	STAT6-mediated induction of chemokines	CAUSES INFLAMMATION
R-HSA-1834941	STING mediated induction of host immune responses	CAUSES INFLAMMATION
R-HSA-9680350	Signaling by CSF1 (M-CSF) in myeloid cells	CAUSES INFLAMMATION
R-HSA-9674555	Signaling by CSF3 (G-CSF)	CAUSES INFLAMMATION
R-HSA-449147	Signaling by Interleukins	CAUSES INFLAMMATION
R-HSA-983705	Signaling by the B Cell Receptor (BCR)	CAUSES INFLAMMATION
R-HSA-445989	TAK1-dependent IKK and NF-kappa-B activation	CAUSES INFLAMMATION
R-HSA-202403	TCR signaling	CAUSES INFLAMMATION
R-HSA-5602566	TICAM1 deficiency - HSE	CAUSES INFLAMMATION
R-HSA-168927	TICAM1, RIP1-mediated IKK complex recruitment	CAUSES INFLAMMATION
R-HSA-9014325	TICAM1,TRAF6-dependent induction of TAK1 complex	CAUSES INFLAMMATION
R-HSA-9013973	TICAM1-dependent activation of IRF3/IRF7	CAUSES INFLAMMATION
R-HSA-5602410	TLR3 deficiency - HSE	CAUSES INFLAMMATION
R-HSA-9013957	TLR3-mediated TICAM1-dependent programmed cell death	CAUSES INFLAMMATION
R-HSA-5676594	TNF receptor superfamily (TNFSF) members mediating non-canonical NF-kB pathway	CAUSES INFLAMMATION
R-HSA-5668541	TNFR2 non-canonical NF-kB pathway	CAUSES INFLAMMATION
R-HSA-5669034	TNFs bind their physiological receptors	CAUSES INFLAMMATION
R-HSA-5602571	TRAF3 deficiency - HSE	CAUSES INFLAMMATION
R-HSA-918233	TRAF3-dependent IRF activation pathway	CAUSES INFLAMMATION
R-HSA-933541	TRAF6 mediated IRF7 activation	CAUSES INFLAMMATION
R-HSA-975110	TRAF6 mediated IRF7 activation in TLR7/8 or 9 signaling	CAUSES INFLAMMATION
R-HSA-933542	TRAF6 mediated NF-kB activation	CAUSES INFLAMMATION
R-HSA-975138	TRAF6 mediated induction of NFkB and MAP kinases upon TLR7/8 or 9 activation	CAUSES INFLAMMATION
R-HSA-937072	TRAF6-mediated induction of TAK1 complex within TLR4 complex	CAUSES INFLAMMATION
R-HSA-2562578	TRIF-mediated programmed cell death	CAUSES INFLAMMATION
R-HSA-166665	Terminal pathway of complement	CAUSES INFLAMMATION
R-HSA-844615	The AIM2 inflammasome	CAUSES INFLAMMATION
R-HSA-844623	The IPAF inflammasome	CAUSES INFLAMMATION
R-HSA-844455	The NLRP1 inflammasome	CAUSES INFLAMMATION
R-HSA-844456	The NLRP3 inflammasome	CAUSES INFLAMMATION
R-HSA-168142	Toll Like Receptor 10 (TLR10) Cascade	CAUSES INFLAMMATION
R-HSA-181438	Toll Like Receptor 2 (TLR2) Cascade	CAUSES INFLAMMATION
R-HSA-168164	Toll Like Receptor 3 (TLR3) Cascade	CAUSES INFLAMMATION
R-HSA-166016	Toll Like Receptor 4 (TLR4) Cascade	CAUSES INFLAMMATION
R-HSA-168176	Toll Like Receptor 5 (TLR5) Cascade	CAUSES INFLAMMATION
R-HSA-168181	Toll Like Receptor 7/8 (TLR7/8) Cascade	CAUSES INFLAMMATION
R-HSA-168138	Toll Like Receptor 9 (TLR9) Cascade	CAUSES INFLAMMATION
R-HSA-168179	Toll Like Receptor TLR1:TLR2 Cascade	CAUSES INFLAMMATION
R-HSA-168188	Toll Like Receptor TLR6:TLR2 Cascade	CAUSES INFLAMMATION
R-HSA-168898	Toll-like Receptor Cascades	CAUSES INFLAMMATION
R-HSA-1679131	Trafficking and processing of endosomal TLR	CAUSES INFLAMMATION
R-HSA-166020	Transfer of LPS from LBP carrier to CD14	CAUSES INFLAMMATION
R-HSA-202430	Translocation of ZAP-70 to Immunological synapse	CAUSES INFLAMMATION
R-HSA-5602415	UNC93B1 deficiency - HSE	CAUSES INFLAMMATION
R-HSA-1606322	ZBP1(DAI) mediated induction of type I IFNs	CAUSES INFLAMMATION
R-HSA-4755510	SUMOylation of immune response proteins	CAUSES INFLAMMATION;DISRUPTS LIPID AND PROTEIN METABOLISM OR CAUSES DYSLIPIDEMIA
R-HSA-2162123	Synthesis of Prostaglandins (PG) and Thromboxanes (TX)	CAUSES INFLAMMATION;DISRUPTS LIPID AND PROTEIN METABOLISM OR CAUSES DYSLIPIDEMIA
R-HSA-9762114	GSK3B and BTRC:CUL1-mediated-degradation of NFE2L2	CAUSES INFLAMMATION;INDUCES OXIDATIVE STRESS;IS METABOLICALLY ACTIVATED OR REACTIVE
R-HSA-9755511	KEAP1-NFE2L2 pathway	CAUSES INFLAMMATION;INDUCES OXIDATIVE STRESS;IS METABOLICALLY ACTIVATED OR REACTIVE
R-HSA-9818028	NFE2L2 regulates pentose phosphate pathway genes	CAUSES INFLAMMATION;INDUCES OXIDATIVE STRESS;IS METABOLICALLY ACTIVATED OR REACTIVE
R-HSA-9818035	NFE2L2 regulating ER-stress associated genes	CAUSES INFLAMMATION;INDUCES OXIDATIVE STRESS;IS METABOLICALLY ACTIVATED OR REACTIVE
R-HSA-9818032	NFE2L2 regulating MDR associated enzymes	CAUSES INFLAMMATION;INDUCES OXIDATIVE STRESS;IS METABOLICALLY ACTIVATED OR REACTIVE
R-HSA-9818025	NFE2L2 regulating TCA cycle genes	CAUSES INFLAMMATION;INDUCES OXIDATIVE STRESS;IS METABOLICALLY ACTIVATED OR REACTIVE
R-HSA-9818027	NFE2L2 regulating anti-oxidant/detoxification enzymes	CAUSES INFLAMMATION;INDUCES OXIDATIVE STRESS;IS METABOLICALLY ACTIVATED OR REACTIVE
R-HSA-9818026	NFE2L2 regulating inflammation associated genes	CAUSES INFLAMMATION;INDUCES OXIDATIVE STRESS;IS METABOLICALLY ACTIVATED OR REACTIVE
R-HSA-9818030	NFE2L2 regulating tumorigenic genes	CAUSES INFLAMMATION;INDUCES OXIDATIVE STRESS;IS METABOLICALLY ACTIVATED OR REACTIVE
R-HSA-9759194	Nuclear events mediated by NFE2L2	CAUSES INFLAMMATION;INDUCES OXIDATIVE STRESS;IS METABOLICALLY ACTIVATED OR REACTIVE
R-HSA-9818749	Regulation of NFE2L2 gene expression	CAUSES INFLAMMATION;INDUCES OXIDATIVE STRESS;IS METABOLICALLY ACTIVATED OR REACTIVE
R-HSA-2022090	Assembly of collagen fibrils and other multimeric structures	CAUSES LIVER FIBROSIS
R-HSA-1650814	Collagen biosynthesis and modifying enzymes	CAUSES LIVER FIBROSIS
R-HSA-8948216	Collagen chain trimerization	CAUSES LIVER FIBROSIS
R-HSA-1474290	Collagen formation	CAUSES LIVER FIBROSIS
R-HSA-2243919	Crosslinking of collagen fibrils	CAUSES LIVER FIBROSIS
R-HSA-1474244	Extracellular matrix organization	CAUSES LIVER FIBROSIS
R-HSA-2151209	Activation of PPARGC1A (PGC-1alpha) by phosphorylation	CAUSES MITOCHONDRIAL DYSFUNCTION
R-HSA-8949613	Cristae formation	CAUSES MITOCHONDRIAL DYSFUNCTION
R-HSA-2395516	Electron transport from NADPH to Ferredoxin	CAUSES MITOCHONDRIAL DYSFUNCTION
R-HSA-9837092	FASTK family proteins regulate processing and stability of mitochondrial RNAs	CAUSES MITOCHONDRIAL DYSFUNCTION
R-HSA-163685	Integration of energy metabolism	CAUSES MITOCHONDRIAL DYSFUNCTION
R-HSA-9836573	Mitochondrial RNA degradation	CAUSES MITOCHONDRIAL DYSFUNCTION
R-HSA-1592230	Mitochondrial biogenesis	CAUSES MITOCHONDRIAL DYSFUNCTION
R-HSA-1362409	Mitochondrial iron-sulfur cluster biogenesis	CAUSES MITOCHONDRIAL DYSFUNCTION
R-HSA-163282	Mitochondrial transcription initiation	CAUSES MITOCHONDRIAL DYSFUNCTION
R-HSA-163316	Mitochondrial transcription termination	CAUSES MITOCHONDRIAL DYSFUNCTION
R-HSA-1852241	Organelle biogenesis and maintenance	CAUSES MITOCHONDRIAL DYSFUNCTION
R-HSA-75944	Transcription from mitochondrial promoters	CAUSES MITOCHONDRIAL DYSFUNCTION
R-HSA-2151201	Transcriptional activation of mitochondrial biogenesis	CAUSES MITOCHONDRIAL DYSFUNCTION
R-HSA-6793080	rRNA modification in the mitochondrion	CAUSES MITOCHONDRIAL DYSFUNCTION
R-HSA-8868766	rRNA processing in the mitochondrion	CAUSES MITOCHONDRIAL DYSFUNCTION
R-HSA-6787450	tRNA modification in the mitochondrion	CAUSES MITOCHONDRIAL DYSFUNCTION
R-HSA-6785470	tRNA processing in the mitochondrion	CAUSES MITOCHONDRIAL DYSFUNCTION
R-HSA-77352	Beta oxidation of butanoyl-CoA to acetyl-CoA	CAUSES MITOCHONDRIAL DYSFUNCTION;DISRUPTS LIPID AND PROTEIN METABOLISM OR CAUSES DYSLIPIDEMIA
R-HSA-77346	Beta oxidation of decanoyl-CoA to octanoyl-CoA-CoA	CAUSES MITOCHONDRIAL DYSFUNCTION;DISRUPTS LIPID AND PROTEIN METABOLISM OR CAUSES DYSLIPIDEMIA
R-HSA-77350	Beta oxidation of hexanoyl-CoA to butanoyl-CoA	CAUSES MITOCHONDRIAL DYSFUNCTION;DISRUPTS LIPID AND PROTEIN METABOLISM OR CAUSES DYSLIPIDEMIA
R-HSA-77310	Beta oxidation of lauroyl-CoA to decanoyl-CoA-CoA	CAUSES MITOCHONDRIAL DYSFUNCTION;DISRUPTS LIPID AND PROTEIN METABOLISM OR CAUSES DYSLIPIDEMIA
R-HSA-77285	Beta oxidation of myristoyl-CoA to lauroyl-CoA	CAUSES MITOCHONDRIAL DYSFUNCTION;DISRUPTS LIPID AND PROTEIN METABOLISM OR CAUSES DYSLIPIDEMIA
R-HSA-77348	Beta oxidation of octanoyl-CoA to hexanoyl-CoA	CAUSES MITOCHONDRIAL DYSFUNCTION;DISRUPTS LIPID AND PROTEIN METABOLISM OR CAUSES DYSLIPIDEMIA
R-HSA-77305	Beta oxidation of palmitoyl-CoA to myristoyl-CoA	CAUSES MITOCHONDRIAL DYSFUNCTION;DISRUPTS LIPID AND PROTEIN METABOLISM OR CAUSES DYSLIPIDEMIA
R-HSA-71403	Citric acid cycle (TCA cycle)	CAUSES MITOCHONDRIAL DYSFUNCTION;DISRUPTS LIPID AND PROTEIN METABOLISM OR CAUSES DYSLIPIDEMIA
R-HSA-6799198	Complex I biogenesis	CAUSES MITOCHONDRIAL DYSFUNCTION;DISRUPTS LIPID AND PROTEIN METABOLISM OR CAUSES DYSLIPIDEMIA
R-HSA-163210	Formation of ATP by chemiosmotic coupling	CAUSES MITOCHONDRIAL DYSFUNCTION;DISRUPTS LIPID AND PROTEIN METABOLISM OR CAUSES DYSLIPIDEMIA
R-HSA-880009	Interconversion of 2-oxoglutarate and 2-hydroxyglutarate	CAUSES MITOCHONDRIAL DYSFUNCTION;DISRUPTS LIPID AND PROTEIN METABOLISM OR CAUSES DYSLIPIDEMIA
R-HSA-77289	Mitochondrial Fatty Acid Beta-Oxidation	CAUSES MITOCHONDRIAL DYSFUNCTION;DISRUPTS LIPID AND PROTEIN METABOLISM OR CAUSES DYSLIPIDEMIA
R-HSA-166187	Mitochondrial Uncoupling	CAUSES MITOCHONDRIAL DYSFUNCTION;DISRUPTS LIPID AND PROTEIN METABOLISM OR CAUSES DYSLIPIDEMIA
R-HSA-379726	Mitochondrial tRNA aminoacylation	CAUSES MITOCHONDRIAL DYSFUNCTION;DISRUPTS LIPID AND PROTEIN METABOLISM OR CAUSES DYSLIPIDEMIA
R-HSA-5368287	Mitochondrial translation	CAUSES MITOCHONDRIAL DYSFUNCTION;DISRUPTS LIPID AND PROTEIN METABOLISM OR CAUSES DYSLIPIDEMIA
R-HSA-5389840	Mitochondrial translation elongation	CAUSES MITOCHONDRIAL DYSFUNCTION;DISRUPTS LIPID AND PROTEIN METABOLISM OR CAUSES DYSLIPIDEMIA
R-HSA-5368286	Mitochondrial translation initiation	CAUSES MITOCHONDRIAL DYSFUNCTION;DISRUPTS LIPID AND PROTEIN METABOLISM OR CAUSES DYSLIPIDEMIA
R-HSA-5419276	Mitochondrial translation termination	CAUSES MITOCHONDRIAL DYSFUNCTION;DISRUPTS LIPID AND PROTEIN METABOLISM OR CAUSES DYSLIPIDEMIA
R-HSA-9673163	Oleoyl-phe metabolism	CAUSES MITOCHONDRIAL DYSFUNCTION;DISRUPTS LIPID AND PROTEIN METABOLISM OR CAUSES DYSLIPIDEMIA
R-HSA-70268	Pyruvate metabolism	CAUSES MITOCHONDRIAL DYSFUNCTION;DISRUPTS LIPID AND PROTEIN METABOLISM OR CAUSES DYSLIPIDEMIA
R-HSA-204174	Regulation of pyruvate dehydrogenase (PDH) complex	CAUSES MITOCHONDRIAL DYSFUNCTION;DISRUPTS LIPID AND PROTEIN METABOLISM OR CAUSES DYSLIPIDEMIA
R-HSA-611105	Respiratory electron transport	CAUSES MITOCHONDRIAL DYSFUNCTION;DISRUPTS LIPID AND PROTEIN METABOLISM OR CAUSES DYSLIPIDEMIA
R-HSA-167826	The fatty acid cycling model	CAUSES MITOCHONDRIAL DYSFUNCTION;DISRUPTS LIPID AND PROTEIN METABOLISM OR CAUSES DYSLIPIDEMIA
R-HSA-77286	mitochondrial fatty acid beta-oxidation of saturated fatty acids	CAUSES MITOCHONDRIAL DYSFUNCTION;DISRUPTS LIPID AND PROTEIN METABOLISM OR CAUSES DYSLIPIDEMIA
R-HSA-77288	mitochondrial fatty acid beta-oxidation of unsaturated fatty acids	CAUSES MITOCHONDRIAL DYSFUNCTION;DISRUPTS LIPID AND PROTEIN METABOLISM OR CAUSES DYSLIPIDEMIA
R-HSA-1369007	Mitochondrial ABC transporters	CAUSES MITOCHONDRIAL DYSFUNCTION;DISRUPTS TRANSPORT FUNCTION
R-HSA-8949215	Mitochondrial calcium ion transport	CAUSES MITOCHONDRIAL DYSFUNCTION;DISRUPTS TRANSPORT FUNCTION
R-HSA-1268020	Mitochondrial protein import	CAUSES MITOCHONDRIAL DYSFUNCTION;DISRUPTS TRANSPORT FUNCTION
R-HSA-8949664	Processing of SMDT1	CAUSES MITOCHONDRIAL DYSFUNCTION;DISRUPTS TRANSPORT FUNCTION
R-HSA-9035034	RHOF GTPase cycle	DISRUPTS CELLULAR CYTOSKELETON
R-HSA-9759476	Regulation of Homotypic Cell-Cell Adhesion	DISRUPTS CELLULAR CYTOSKELETON
R-HSA-446388	Regulation of cytoskeletal remodeling and cell spreading by IPP complex components	DISRUPTS CELLULAR CYTOSKELETON
R-HSA-2426168	Activation of gene expression by SREBF (SREBP)	DISRUPTS LIPID AND PROTEIN METABOLISM OR CAUSES DYSLIPIDEMIA
R-HSA-72662	Activation of the mRNA upon binding of the cap-binding complex and eIFs, and subsequent binding to 43S	DISRUPTS LIPID AND PROTEIN METABOLISM OR CAUSES DYSLIPIDEMIA
R-HSA-1482798	Acyl chain remodeling of CL	DISRUPTS LIPID AND PROTEIN METABOLISM OR CAUSES DYSLIPIDEMIA
R-HSA-1482883	Acyl chain remodeling of DAG and TAG	DISRUPTS LIPID AND PROTEIN METABOLISM OR CAUSES DYSLIPIDEMIA
R-HSA-1482788	Acyl chain remodelling of PC	DISRUPTS LIPID AND PROTEIN METABOLISM OR CAUSES DYSLIPIDEMIA
R-HSA-1482839	Acyl chain remodelling of PE	DISRUPTS LIPID AND PROTEIN METABOLISM OR CAUSES DYSLIPIDEMIA
R-HSA-1482925	Acyl chain remodelling of PG	DISRUPTS LIPID AND PROTEIN METABOLISM OR CAUSES DYSLIPIDEMIA
R-HSA-1482922	Acyl chain remodelling of PI	DISRUPTS LIPID AND PROTEIN METABOLISM OR CAUSES DYSLIPIDEMIA
R-HSA-1482801	Acyl chain remodelling of PS	DISRUPTS LIPID AND PROTEIN METABOLISM OR CAUSES DYSLIPIDEMIA
R-HSA-389599	Alpha-oxidation of phytanate	DISRUPTS LIPID AND PROTEIN METABOLISM OR CAUSES DYSLIPIDEMIA
R-HSA-977225	Amyloid fiber formation	DISRUPTS LIPID AND PROTEIN METABOLISM OR CAUSES DYSLIPIDEMIA
R-HSA-446203	Asparagine N-linked glycosylation	DISRUPTS LIPID AND PROTEIN METABOLISM OR CAUSES DYSLIPIDEMIA
R-HSA-390471	Association of TriC/CCT with target proteins during biosynthesis	DISRUPTS LIPID AND PROTEIN METABOLISM OR CAUSES DYSLIPIDEMIA
R-HSA-162791	Attachment of GPI anchor to uPAR	DISRUPTS LIPID AND PROTEIN METABOLISM OR CAUSES DYSLIPIDEMIA
R-HSA-389887	Beta-oxidation of pristanoyl-CoA	DISRUPTS LIPID AND PROTEIN METABOLISM OR CAUSES DYSLIPIDEMIA
R-HSA-390247	Beta-oxidation of very long chain fatty acids	DISRUPTS LIPID AND PROTEIN METABOLISM OR CAUSES DYSLIPIDEMIA
R-HSA-194068	Bile acid and bile salt metabolism	DISRUPTS LIPID AND PROTEIN METABOLISM OR CAUSES DYSLIPIDEMIA
R-HSA-9018676	Biosynthesis of D-series resolvins	DISRUPTS LIPID AND PROTEIN METABOLISM OR CAUSES DYSLIPIDEMIA
R-HSA-9018677	Biosynthesis of DHA-derived SPMs	DISRUPTS LIPID AND PROTEIN METABOLISM OR CAUSES DYSLIPIDEMIA
R-HSA-9026395	Biosynthesis of DHA-derived sulfido conjugates	DISRUPTS LIPID AND PROTEIN METABOLISM OR CAUSES DYSLIPIDEMIA
R-HSA-9018683	Biosynthesis of DPA-derived SPMs	DISRUPTS LIPID AND PROTEIN METABOLISM OR CAUSES DYSLIPIDEMIA
R-HSA-9025094	Biosynthesis of DPAn-3 SPMs	DISRUPTS LIPID AND PROTEIN METABOLISM OR CAUSES DYSLIPIDEMIA
R-HSA-9026403	Biosynthesis of DPAn-3-derived 13-series resolvins	DISRUPTS LIPID AND PROTEIN METABOLISM OR CAUSES DYSLIPIDEMIA
R-HSA-9026290	Biosynthesis of DPAn-3-derived maresins	DISRUPTS LIPID AND PROTEIN METABOLISM OR CAUSES DYSLIPIDEMIA
R-HSA-9026286	Biosynthesis of DPAn-3-derived protectins and resolvins	DISRUPTS LIPID AND PROTEIN METABOLISM OR CAUSES DYSLIPIDEMIA
R-HSA-9025106	Biosynthesis of DPAn-6 SPMs	DISRUPTS LIPID AND PROTEIN METABOLISM OR CAUSES DYSLIPIDEMIA
R-HSA-9023661	Biosynthesis of E-series 18(R)-resolvins	DISRUPTS LIPID AND PROTEIN METABOLISM OR CAUSES DYSLIPIDEMIA
R-HSA-9018896	Biosynthesis of E-series 18(S)-resolvins	DISRUPTS LIPID AND PROTEIN METABOLISM OR CAUSES DYSLIPIDEMIA
R-HSA-9018679	Biosynthesis of EPA-derived SPMs	DISRUPTS LIPID AND PROTEIN METABOLISM OR CAUSES DYSLIPIDEMIA
R-HSA-9020265	Biosynthesis of aspirin-triggered D-series resolvins	DISRUPTS LIPID AND PROTEIN METABOLISM OR CAUSES DYSLIPIDEMIA
R-HSA-9026762	Biosynthesis of maresin conjugates in tissue regeneration (MCTR)	DISRUPTS LIPID AND PROTEIN METABOLISM OR CAUSES DYSLIPIDEMIA
R-HSA-9027307	Biosynthesis of maresin-like SPMs	DISRUPTS LIPID AND PROTEIN METABOLISM OR CAUSES DYSLIPIDEMIA
R-HSA-9018682	Biosynthesis of maresins	DISRUPTS LIPID AND PROTEIN METABOLISM OR CAUSES DYSLIPIDEMIA
R-HSA-9026766	Biosynthesis of protectin and resolvin conjugates in tissue regeneration (PCTR and RCTR)	DISRUPTS LIPID AND PROTEIN METABOLISM OR CAUSES DYSLIPIDEMIA
R-HSA-9018681	Biosynthesis of protectins	DISRUPTS LIPID AND PROTEIN METABOLISM OR CAUSES DYSLIPIDEMIA
R-HSA-9018678	Biosynthesis of specialized proresolving mediators (SPMs)	DISRUPTS LIPID AND PROTEIN METABOLISM OR CAUSES DYSLIPIDEMIA
R-HSA-446193	Biosynthesis of the N-glycan precursor (dolichol lipid-linked oligosaccharide, LLO) and transfer to a nascent protein	DISRUPTS LIPID AND PROTEIN METABOLISM OR CAUSES DYSLIPIDEMIA
R-HSA-901042	Calnexin/calreticulin cycle	DISRUPTS LIPID AND PROTEIN METABOLISM OR CAUSES DYSLIPIDEMIA
R-HSA-72737	Cap-dependent Translation Initiation	DISRUPTS LIPID AND PROTEIN METABOLISM OR CAUSES DYSLIPIDEMIA
R-HSA-8955332	Carboxyterminal post-translational modifications of tubulin	DISRUPTS LIPID AND PROTEIN METABOLISM OR CAUSES DYSLIPIDEMIA
R-HSA-390466	Chaperonin-mediated protein folding	DISRUPTS LIPID AND PROTEIN METABOLISM OR CAUSES DYSLIPIDEMIA
R-HSA-191273	Cholesterol biosynthesis	DISRUPTS LIPID AND PROTEIN METABOLISM OR CAUSES DYSLIPIDEMIA
R-HSA-6814122	Cooperation of PDCL (PhLP1) and TRiC/CCT in G-protein beta folding	DISRUPTS LIPID AND PROTEIN METABOLISM OR CAUSES DYSLIPIDEMIA
R-HSA-389958	Cooperation of Prefoldin and TriC/CCT  in actin and tubulin folding	DISRUPTS LIPID AND PROTEIN METABOLISM OR CAUSES DYSLIPIDEMIA
R-HSA-379716	Cytosolic tRNA aminoacylation	DISRUPTS LIPID AND PROTEIN METABOLISM OR CAUSES DYSLIPIDEMIA
R-HSA-5688426	Deubiquitination	DISRUPTS LIPID AND PROTEIN METABOLISM OR CAUSES DYSLIPIDEMIA
R-HSA-8866654	E3 ubiquitin ligases ubiquitinate target proteins	DISRUPTS LIPID AND PROTEIN METABOLISM OR CAUSES DYSLIPIDEMIA
R-HSA-901032	ER Quality Control Compartment (ERQC)	DISRUPTS LIPID AND PROTEIN METABOLISM OR CAUSES DYSLIPIDEMIA
R-HSA-156842	Eukaryotic Translation Elongation	DISRUPTS LIPID AND PROTEIN METABOLISM OR CAUSES DYSLIPIDEMIA
R-HSA-72613	Eukaryotic Translation Initiation	DISRUPTS LIPID AND PROTEIN METABOLISM OR CAUSES DYSLIPIDEMIA
R-HSA-72764	Eukaryotic Translation Termination	DISRUPTS LIPID AND PROTEIN METABOLISM OR CAUSES DYSLIPIDEMIA
R-HSA-434316	Fatty Acids bound to GPR40 (FFAR1) regulate insulin secretion	DISRUPTS LIPID AND PROTEIN METABOLISM OR CAUSES DYSLIPIDEMIA
R-HSA-8978868	Fatty acid metabolism	DISRUPTS LIPID AND PROTEIN METABOLISM OR CAUSES DYSLIPIDEMIA
R-HSA-75105	Fatty acyl-CoA biosynthesis	DISRUPTS LIPID AND PROTEIN METABOLISM OR CAUSES DYSLIPIDEMIA
R-HSA-390450	Folding of actin by CCT/TriC	DISRUPTS LIPID AND PROTEIN METABOLISM OR CAUSES DYSLIPIDEMIA
R-HSA-72689	Formation of a pool of free 40S subunits	DISRUPTS LIPID AND PROTEIN METABOLISM OR CAUSES DYSLIPIDEMIA
R-HSA-72695	Formation of the ternary complex, and subsequently, the 43S complex	DISRUPTS LIPID AND PROTEIN METABOLISM OR CAUSES DYSLIPIDEMIA
R-HSA-389960	Formation of tubulin folding intermediates by CCT/TriC	DISRUPTS LIPID AND PROTEIN METABOLISM OR CAUSES DYSLIPIDEMIA
R-HSA-400451	Free fatty acids regulate insulin secretion	DISRUPTS LIPID AND PROTEIN METABOLISM OR CAUSES DYSLIPIDEMIA
R-HSA-6787639	GDP-fucose biosynthesis	DISRUPTS LIPID AND PROTEIN METABOLISM OR CAUSES DYSLIPIDEMIA
R-HSA-72706	GTP hydrolysis and joining of the 60S ribosomal subunit	DISRUPTS LIPID AND PROTEIN METABOLISM OR CAUSES DYSLIPIDEMIA
R-HSA-163841	Gamma carboxylation, hypusinylation, hydroxylation, and arylsulfatase activation	DISRUPTS LIPID AND PROTEIN METABOLISM OR CAUSES DYSLIPIDEMIA
R-HSA-159740	Gamma-carboxylation of protein precursors	DISRUPTS LIPID AND PROTEIN METABOLISM OR CAUSES DYSLIPIDEMIA
R-HSA-159854	Gamma-carboxylation, transport, and amino-terminal cleavage of proteins	DISRUPTS LIPID AND PROTEIN METABOLISM OR CAUSES DYSLIPIDEMIA
R-HSA-1483206	Glycerophospholipid biosynthesis	DISRUPTS LIPID AND PROTEIN METABOLISM OR CAUSES DYSLIPIDEMIA
R-HSA-6814848	Glycerophospholipid catabolism	DISRUPTS LIPID AND PROTEIN METABOLISM OR CAUSES DYSLIPIDEMIA
R-HSA-209822	Glycoprotein hormones	DISRUPTS LIPID AND PROTEIN METABOLISM OR CAUSES DYSLIPIDEMIA
R-HSA-9840309	Glycosphingolipid biosynthesis	DISRUPTS LIPID AND PROTEIN METABOLISM OR CAUSES DYSLIPIDEMIA
R-HSA-9840310	Glycosphingolipid catabolism	DISRUPTS LIPID AND PROTEIN METABOLISM OR CAUSES DYSLIPIDEMIA
R-HSA-1660662	Glycosphingolipid metabolism	DISRUPTS LIPID AND PROTEIN METABOLISM OR CAUSES DYSLIPIDEMIA
R-HSA-1483115	Hydrolysis of LPC	DISRUPTS LIPID AND PROTEIN METABOLISM OR CAUSES DYSLIPIDEMIA
R-HSA-1483152	Hydrolysis of LPE	DISRUPTS LIPID AND PROTEIN METABOLISM OR CAUSES DYSLIPIDEMIA
R-HSA-204626	Hypusine synthesis from eIF5A-lysine	DISRUPTS LIPID AND PROTEIN METABOLISM OR CAUSES DYSLIPIDEMIA
R-HSA-400508	Incretin synthesis, secretion, and inactivation	DISRUPTS LIPID AND PROTEIN METABOLISM OR CAUSES DYSLIPIDEMIA
R-HSA-264876	Insulin processing	DISRUPTS LIPID AND PROTEIN METABOLISM OR CAUSES DYSLIPIDEMIA
R-HSA-434313	Intracellular metabolism of fatty acids regulates insulin secretion	DISRUPTS LIPID AND PROTEIN METABOLISM OR CAUSES DYSLIPIDEMIA
R-HSA-5689877	Josephin domain DUBs	DISRUPTS LIPID AND PROTEIN METABOLISM OR CAUSES DYSLIPIDEMIA
R-HSA-74182	Ketone body metabolism	DISRUPTS LIPID AND PROTEIN METABOLISM OR CAUSES DYSLIPIDEMIA
R-HSA-156827	L13a-mediated translational silencing of Ceruloplasmin expression	DISRUPTS LIPID AND PROTEIN METABOLISM OR CAUSES DYSLIPIDEMIA
R-HSA-2046105	Linoleic acid (LA) metabolism	DISRUPTS LIPID AND PROTEIN METABOLISM OR CAUSES DYSLIPIDEMIA
R-HSA-8964572	Lipid particle organization	DISRUPTS LIPID AND PROTEIN METABOLISM OR CAUSES DYSLIPIDEMIA
R-HSA-2022377	Metabolism of Angiotensinogen to Angiotensins	DISRUPTS LIPID AND PROTEIN METABOLISM OR CAUSES DYSLIPIDEMIA
R-HSA-71291	Metabolism of amino acids and derivatives	DISRUPTS LIPID AND PROTEIN METABOLISM OR CAUSES DYSLIPIDEMIA
R-HSA-556833	Metabolism of lipids	DISRUPTS LIPID AND PROTEIN METABOLISM OR CAUSES DYSLIPIDEMIA
R-HSA-392499	Metabolism of proteins	DISRUPTS LIPID AND PROTEIN METABOLISM OR CAUSES DYSLIPIDEMIA
R-HSA-8957322	Metabolism of steroids	DISRUPTS LIPID AND PROTEIN METABOLISM OR CAUSES DYSLIPIDEMIA
R-HSA-5689901	Metalloprotease DUBs	DISRUPTS LIPID AND PROTEIN METABOLISM OR CAUSES DYSLIPIDEMIA
R-HSA-975577	N-Glycan antennae elongation	DISRUPTS LIPID AND PROTEIN METABOLISM OR CAUSES DYSLIPIDEMIA
R-HSA-975576	N-glycan antennae elongation in the medial/trans-Golgi	DISRUPTS LIPID AND PROTEIN METABOLISM OR CAUSES DYSLIPIDEMIA
R-HSA-964739	N-glycan trimming and elongation in the cis-Golgi	DISRUPTS LIPID AND PROTEIN METABOLISM OR CAUSES DYSLIPIDEMIA
R-HSA-532668	N-glycan trimming in the ER and Calnexin/Calreticulin cycle	DISRUPTS LIPID AND PROTEIN METABOLISM OR CAUSES DYSLIPIDEMIA
R-HSA-9029558	NR1H2 & NR1H3 regulate gene expression linked to lipogenesis	DISRUPTS LIPID AND PROTEIN METABOLISM OR CAUSES DYSLIPIDEMIA
R-HSA-9031528	NR1H2 & NR1H3 regulate gene expression linked to triglyceride lipolysis in adipose	DISRUPTS LIPID AND PROTEIN METABOLISM OR CAUSES DYSLIPIDEMIA
R-HSA-9623433	NR1H2 & NR1H3 regulate gene expression to control bile acid homeostasis	DISRUPTS LIPID AND PROTEIN METABOLISM OR CAUSES DYSLIPIDEMIA
R-HSA-9031525	NR1H2 & NR1H3 regulate gene expression to limit cholesterol uptake	DISRUPTS LIPID AND PROTEIN METABOLISM OR CAUSES DYSLIPIDEMIA
R-HSA-9024446	NR1H2 and NR1H3-mediated signaling	DISRUPTS LIPID AND PROTEIN METABOLISM OR CAUSES DYSLIPIDEMIA
R-HSA-9029569	NR1H3 & NR1H2 regulate gene expression linked to cholesterol transport and efflux	DISRUPTS LIPID AND PROTEIN METABOLISM OR CAUSES DYSLIPIDEMIA
R-HSA-8951664	Neddylation	DISRUPTS LIPID AND PROTEIN METABOLISM OR CAUSES DYSLIPIDEMIA
R-HSA-5173214	O-glycosylation of TSR domain-containing proteins	DISRUPTS LIPID AND PROTEIN METABOLISM OR CAUSES DYSLIPIDEMIA
R-HSA-5173105	O-linked glycosylation	DISRUPTS LIPID AND PROTEIN METABOLISM OR CAUSES DYSLIPIDEMIA
R-HSA-913709	O-linked glycosylation of mucins	DISRUPTS LIPID AND PROTEIN METABOLISM OR CAUSES DYSLIPIDEMIA
R-HSA-5689896	Ovarian tumor domain proteases	DISRUPTS LIPID AND PROTEIN METABOLISM OR CAUSES DYSLIPIDEMIA
R-HSA-1483255	PI Metabolism	DISRUPTS LIPID AND PROTEIN METABOLISM OR CAUSES DYSLIPIDEMIA
R-HSA-1483196	PI and PC transport between ER and Golgi membranes	DISRUPTS LIPID AND PROTEIN METABOLISM OR CAUSES DYSLIPIDEMIA
R-HSA-1660510	PIPs transport between Golgi and plasma membranes	DISRUPTS LIPID AND PROTEIN METABOLISM OR CAUSES DYSLIPIDEMIA
R-HSA-1660502	PIPs transport between early and late endosome membranes	DISRUPTS LIPID AND PROTEIN METABOLISM OR CAUSES DYSLIPIDEMIA
R-HSA-1660537	PIPs transport between early endosome and Golgi membranes	DISRUPTS LIPID AND PROTEIN METABOLISM OR CAUSES DYSLIPIDEMIA
R-HSA-1660508	PIPs transport between late endosome and Golgi membranes	DISRUPTS LIPID AND PROTEIN METABOLISM OR CAUSES DYSLIPIDEMIA
R-HSA-1660524	PIPs transport between plasma and early endosome membranes	DISRUPTS LIPID AND PROTEIN METABOLISM OR CAUSES DYSLIPIDEMIA
R-HSA-1989781	PPARA activates gene expression	DISRUPTS LIPID AND PROTEIN METABOLISM OR CAUSES DYSLIPIDEMIA
R-HSA-156902	Peptide chain elongation	DISRUPTS LIPID AND PROTEIN METABOLISM OR CAUSES DYSLIPIDEMIA
R-HSA-209952	Peptide hormone biosynthesis	DISRUPTS LIPID AND PROTEIN METABOLISM OR CAUSES DYSLIPIDEMIA
R-HSA-2980736	Peptide hormone metabolism	DISRUPTS LIPID AND PROTEIN METABOLISM OR CAUSES DYSLIPIDEMIA
R-HSA-390918	Peroxisomal lipid metabolism	DISRUPTS LIPID AND PROTEIN METABOLISM OR CAUSES DYSLIPIDEMIA
R-HSA-1483257	Phospholipid metabolism	DISRUPTS LIPID AND PROTEIN METABOLISM OR CAUSES DYSLIPIDEMIA
R-HSA-75896	Plasmalogen biosynthesis	DISRUPTS LIPID AND PROTEIN METABOLISM OR CAUSES DYSLIPIDEMIA
R-HSA-389977	Post-chaperonin tubulin folding pathway	DISRUPTS LIPID AND PROTEIN METABOLISM OR CAUSES DYSLIPIDEMIA
R-HSA-163125	Post-translational modification: synthesis of GPI-anchored proteins	DISRUPTS LIPID AND PROTEIN METABOLISM OR CAUSES DYSLIPIDEMIA
R-HSA-597592	Post-translational protein modification	DISRUPTS LIPID AND PROTEIN METABOLISM OR CAUSES DYSLIPIDEMIA
R-HSA-8957275	Post-translational protein phosphorylation	DISRUPTS LIPID AND PROTEIN METABOLISM OR CAUSES DYSLIPIDEMIA
R-HSA-389957	Prefoldin mediated transfer of substrate  to CCT/TriC	DISRUPTS LIPID AND PROTEIN METABOLISM OR CAUSES DYSLIPIDEMIA
R-HSA-3215018	Processing and activation of SUMO	DISRUPTS LIPID AND PROTEIN METABOLISM OR CAUSES DYSLIPIDEMIA
R-HSA-964827	Progressive trimming of alpha-1,2-linked mannose residues from Man9/8/7GlcNAc2 to produce Man5GlcNAc2	DISRUPTS LIPID AND PROTEIN METABOLISM OR CAUSES DYSLIPIDEMIA
R-HSA-71032	Propionyl-CoA catabolism	DISRUPTS LIPID AND PROTEIN METABOLISM OR CAUSES DYSLIPIDEMIA
R-HSA-391251	Protein folding	DISRUPTS LIPID AND PROTEIN METABOLISM OR CAUSES DYSLIPIDEMIA
R-HSA-9629569	Protein hydroxylation	DISRUPTS LIPID AND PROTEIN METABOLISM OR CAUSES DYSLIPIDEMIA
R-HSA-8876725	Protein methylation	DISRUPTS LIPID AND PROTEIN METABOLISM OR CAUSES DYSLIPIDEMIA
R-HSA-8852135	Protein ubiquitination	DISRUPTS LIPID AND PROTEIN METABOLISM OR CAUSES DYSLIPIDEMIA
R-HSA-8873719	RAB geranylgeranylation	DISRUPTS LIPID AND PROTEIN METABOLISM OR CAUSES DYSLIPIDEMIA
R-HSA-975578	Reactions specific to the complex N-glycan synthesis pathway	DISRUPTS LIPID AND PROTEIN METABOLISM OR CAUSES DYSLIPIDEMIA
R-HSA-975574	Reactions specific to the hybrid N-glycan synthesis pathway	DISRUPTS LIPID AND PROTEIN METABOLISM OR CAUSES DYSLIPIDEMIA
R-HSA-159418	Recycling of bile acids and salts	DISRUPTS LIPID AND PROTEIN METABOLISM OR CAUSES DYSLIPIDEMIA
R-HSA-72731	Recycling of eIF2:GDP	DISRUPTS LIPID AND PROTEIN METABOLISM OR CAUSES DYSLIPIDEMIA
R-HSA-381426	Regulation of Insulin-like Growth Factor (IGF) transport and uptake by Insulin-like Growth Factor Binding Proteins (IGFBPs)	DISRUPTS LIPID AND PROTEIN METABOLISM OR CAUSES DYSLIPIDEMIA
R-HSA-1655829	Regulation of cholesterol biosynthesis by SREBP (SREBF)	DISRUPTS LIPID AND PROTEIN METABOLISM OR CAUSES DYSLIPIDEMIA
R-HSA-400206	Regulation of lipid metabolism by PPARalpha	DISRUPTS LIPID AND PROTEIN METABOLISM OR CAUSES DYSLIPIDEMIA
R-HSA-159782	Removal of aminoterminal propeptides from gamma-carboxylated proteins	DISRUPTS LIPID AND PROTEIN METABOLISM OR CAUSES DYSLIPIDEMIA
R-HSA-72702	Ribosomal scanning and start codon recognition	DISRUPTS LIPID AND PROTEIN METABOLISM OR CAUSES DYSLIPIDEMIA
R-HSA-1799339	SRP-dependent cotranslational protein targeting to membrane	DISRUPTS LIPID AND PROTEIN METABOLISM OR CAUSES DYSLIPIDEMIA
R-HSA-3108232	SUMO E3 ligases SUMOylate target proteins	DISRUPTS LIPID AND PROTEIN METABOLISM OR CAUSES DYSLIPIDEMIA
R-HSA-3065676	SUMO is conjugated to E1 (UBA2:SAE1)	DISRUPTS LIPID AND PROTEIN METABOLISM OR CAUSES DYSLIPIDEMIA
R-HSA-3065679	SUMO is proteolytically processed	DISRUPTS LIPID AND PROTEIN METABOLISM OR CAUSES DYSLIPIDEMIA
R-HSA-3065678	SUMO is transferred from E1 to E2 (UBE2I, UBC9)	DISRUPTS LIPID AND PROTEIN METABOLISM OR CAUSES DYSLIPIDEMIA
R-HSA-2990846	SUMOylation	DISRUPTS LIPID AND PROTEIN METABOLISM OR CAUSES DYSLIPIDEMIA
R-HSA-3108214	SUMOylation of DNA damage response and repair proteins	DISRUPTS LIPID AND PROTEIN METABOLISM OR CAUSES DYSLIPIDEMIA
R-HSA-4655427	SUMOylation of DNA methylation proteins	DISRUPTS LIPID AND PROTEIN METABOLISM OR CAUSES DYSLIPIDEMIA
R-HSA-4570464	SUMOylation of RNA binding proteins	DISRUPTS LIPID AND PROTEIN METABOLISM OR CAUSES DYSLIPIDEMIA
R-HSA-4085377	SUMOylation of SUMOylation proteins	DISRUPTS LIPID AND PROTEIN METABOLISM OR CAUSES DYSLIPIDEMIA
R-HSA-4551638	SUMOylation of chromatin organization proteins	DISRUPTS LIPID AND PROTEIN METABOLISM OR CAUSES DYSLIPIDEMIA
R-HSA-4090294	SUMOylation of intracellular receptors	DISRUPTS LIPID AND PROTEIN METABOLISM OR CAUSES DYSLIPIDEMIA
R-HSA-9793242	SUMOylation of nuclear envelope proteins	DISRUPTS LIPID AND PROTEIN METABOLISM OR CAUSES DYSLIPIDEMIA
R-HSA-3899300	SUMOylation of transcription cofactors	DISRUPTS LIPID AND PROTEIN METABOLISM OR CAUSES DYSLIPIDEMIA
R-HSA-3232118	SUMOylation of transcription factors	DISRUPTS LIPID AND PROTEIN METABOLISM OR CAUSES DYSLIPIDEMIA
R-HSA-3232142	SUMOylation of ubiquitinylation proteins	DISRUPTS LIPID AND PROTEIN METABOLISM OR CAUSES DYSLIPIDEMIA
R-HSA-4085001	Sialic acid metabolism	DISRUPTS LIPID AND PROTEIN METABOLISM OR CAUSES DYSLIPIDEMIA
R-HSA-1660661	Sphingolipid de novo biosynthesis	DISRUPTS LIPID AND PROTEIN METABOLISM OR CAUSES DYSLIPIDEMIA
R-HSA-428157	Sphingolipid metabolism	DISRUPTS LIPID AND PROTEIN METABOLISM OR CAUSES DYSLIPIDEMIA
R-HSA-5683826	Surfactant metabolism	DISRUPTS LIPID AND PROTEIN METABOLISM OR CAUSES DYSLIPIDEMIA
R-HSA-2142816	Synthesis of (16-20)-hydroxyeicosatetraenoic acids (HETE)	DISRUPTS LIPID AND PROTEIN METABOLISM OR CAUSES DYSLIPIDEMIA
R-HSA-2142712	Synthesis of 12-eicosatetraenoic acid derivatives	DISRUPTS LIPID AND PROTEIN METABOLISM OR CAUSES DYSLIPIDEMIA
R-HSA-2142770	Synthesis of 15-eicosatetraenoic acid derivatives	DISRUPTS LIPID AND PROTEIN METABOLISM OR CAUSES DYSLIPIDEMIA
R-HSA-2142688	Synthesis of 5-eicosatetraenoic acids	DISRUPTS LIPID AND PROTEIN METABOLISM OR CAUSES DYSLIPIDEMIA
R-HSA-1483171	Synthesis of BMP	DISRUPTS LIPID AND PROTEIN METABOLISM OR CAUSES DYSLIPIDEMIA
R-HSA-1483076	Synthesis of CL	DISRUPTS LIPID AND PROTEIN METABOLISM OR CAUSES DYSLIPIDEMIA
R-HSA-446205	Synthesis of GDP-mannose	DISRUPTS LIPID AND PROTEIN METABOLISM OR CAUSES DYSLIPIDEMIA
R-HSA-2142696	Synthesis of Hepoxilins (HX) and Trioxilins (TrX)	DISRUPTS LIPID AND PROTEIN METABOLISM OR CAUSES DYSLIPIDEMIA
R-HSA-77111	Synthesis of Ketone Bodies	DISRUPTS LIPID AND PROTEIN METABOLISM OR CAUSES DYSLIPIDEMIA
R-HSA-2142691	Synthesis of Leukotrienes (LT) and Eoxins (EX)	DISRUPTS LIPID AND PROTEIN METABOLISM OR CAUSES DYSLIPIDEMIA
R-HSA-1483166	Synthesis of PA	DISRUPTS LIPID AND PROTEIN METABOLISM OR CAUSES DYSLIPIDEMIA
R-HSA-1483191	Synthesis of PC	DISRUPTS LIPID AND PROTEIN METABOLISM OR CAUSES DYSLIPIDEMIA
R-HSA-1483213	Synthesis of PE	DISRUPTS LIPID AND PROTEIN METABOLISM OR CAUSES DYSLIPIDEMIA
R-HSA-1483148	Synthesis of PG	DISRUPTS LIPID AND PROTEIN METABOLISM OR CAUSES DYSLIPIDEMIA
R-HSA-1483226	Synthesis of PI	DISRUPTS LIPID AND PROTEIN METABOLISM OR CAUSES DYSLIPIDEMIA
R-HSA-1483248	Synthesis of PIPs at the ER membrane	DISRUPTS LIPID AND PROTEIN METABOLISM OR CAUSES DYSLIPIDEMIA
R-HSA-1660514	Synthesis of PIPs at the Golgi membrane	DISRUPTS LIPID AND PROTEIN METABOLISM OR CAUSES DYSLIPIDEMIA
R-HSA-1660516	Synthesis of PIPs at the early endosome membrane	DISRUPTS LIPID AND PROTEIN METABOLISM OR CAUSES DYSLIPIDEMIA
R-HSA-1660517	Synthesis of PIPs at the late endosome membrane	DISRUPTS LIPID AND PROTEIN METABOLISM OR CAUSES DYSLIPIDEMIA
R-HSA-1660499	Synthesis of PIPs at the plasma membrane	DISRUPTS LIPID AND PROTEIN METABOLISM OR CAUSES DYSLIPIDEMIA
R-HSA-8847453	Synthesis of PIPs in the nucleus	DISRUPTS LIPID AND PROTEIN METABOLISM OR CAUSES DYSLIPIDEMIA
R-HSA-1483101	Synthesis of PS	DISRUPTS LIPID AND PROTEIN METABOLISM OR CAUSES DYSLIPIDEMIA
R-HSA-446210	Synthesis of UDP-N-acetyl-glucosamine	DISRUPTS LIPID AND PROTEIN METABOLISM OR CAUSES DYSLIPIDEMIA
R-HSA-8866652	Synthesis of active ubiquitin: roles of E1 and E2 enzymes	DISRUPTS LIPID AND PROTEIN METABOLISM OR CAUSES DYSLIPIDEMIA
R-HSA-192105	Synthesis of bile acids and bile salts	DISRUPTS LIPID AND PROTEIN METABOLISM OR CAUSES DYSLIPIDEMIA
R-HSA-193775	Synthesis of bile acids and bile salts via 24-hydroxycholesterol	DISRUPTS LIPID AND PROTEIN METABOLISM OR CAUSES DYSLIPIDEMIA
R-HSA-193807	Synthesis of bile acids and bile salts via 27-hydroxycholesterol	DISRUPTS LIPID AND PROTEIN METABOLISM OR CAUSES DYSLIPIDEMIA
R-HSA-193368	Synthesis of bile acids and bile salts via 7alpha-hydroxycholesterol	DISRUPTS LIPID AND PROTEIN METABOLISM OR CAUSES DYSLIPIDEMIA
R-HSA-5358493	Synthesis of diphthamide-EEF2	DISRUPTS LIPID AND PROTEIN METABOLISM OR CAUSES DYSLIPIDEMIA
R-HSA-162699	Synthesis of dolichyl-phosphate mannose	DISRUPTS LIPID AND PROTEIN METABOLISM OR CAUSES DYSLIPIDEMIA
R-HSA-480985	Synthesis of dolichyl-phosphate-glucose	DISRUPTS LIPID AND PROTEIN METABOLISM OR CAUSES DYSLIPIDEMIA
R-HSA-2142670	Synthesis of epoxy (EET) and dihydroxyeicosatrienoic acids (DHET)	DISRUPTS LIPID AND PROTEIN METABOLISM OR CAUSES DYSLIPIDEMIA
R-HSA-162710	Synthesis of glycosylphosphatidylinositol (GPI)	DISRUPTS LIPID AND PROTEIN METABOLISM OR CAUSES DYSLIPIDEMIA
R-HSA-446219	Synthesis of substrates in N-glycan biosythesis	DISRUPTS LIPID AND PROTEIN METABOLISM OR CAUSES DYSLIPIDEMIA
R-HSA-75876	Synthesis of very long-chain fatty acyl-CoAs	DISRUPTS LIPID AND PROTEIN METABOLISM OR CAUSES DYSLIPIDEMIA
R-HSA-422085	Synthesis, secretion, and deacylation of Ghrelin	DISRUPTS LIPID AND PROTEIN METABOLISM OR CAUSES DYSLIPIDEMIA
R-HSA-381771	Synthesis, secretion, and inactivation of Glucagon-like Peptide-1 (GLP-1)	DISRUPTS LIPID AND PROTEIN METABOLISM OR CAUSES DYSLIPIDEMIA
R-HSA-400511	Synthesis, secretion, and inactivation of Glucose-dependent Insulinotropic Polypeptide (GIP)	DISRUPTS LIPID AND PROTEIN METABOLISM OR CAUSES DYSLIPIDEMIA
R-HSA-977068	Termination of O-glycan biosynthesis	DISRUPTS LIPID AND PROTEIN METABOLISM OR CAUSES DYSLIPIDEMIA
R-HSA-1663150	The activation of arylsulfatases	DISRUPTS LIPID AND PROTEIN METABOLISM OR CAUSES DYSLIPIDEMIA
R-HSA-72766	Translation	DISRUPTS LIPID AND PROTEIN METABOLISM OR CAUSES DYSLIPIDEMIA
R-HSA-72649	Translation initiation complex formation	DISRUPTS LIPID AND PROTEIN METABOLISM OR CAUSES DYSLIPIDEMIA
R-HSA-159763	Transport of gamma-carboxylated protein precursors from the endoplasmic reticulum to the Golgi apparatus	DISRUPTS LIPID AND PROTEIN METABOLISM OR CAUSES DYSLIPIDEMIA
R-HSA-948021	Transport to the Golgi and subsequent modification	DISRUPTS LIPID AND PROTEIN METABOLISM OR CAUSES DYSLIPIDEMIA
R-HSA-75109	Triglyceride biosynthesis	DISRUPTS LIPID AND PROTEIN METABOLISM OR CAUSES DYSLIPIDEMIA
R-HSA-163560	Triglyceride catabolism	DISRUPTS LIPID AND PROTEIN METABOLISM OR CAUSES DYSLIPIDEMIA
R-HSA-8979227	Triglyceride metabolism	DISRUPTS LIPID AND PROTEIN METABOLISM OR CAUSES DYSLIPIDEMIA
R-HSA-5689603	UCH proteinases	DISRUPTS LIPID AND PROTEIN METABOLISM OR CAUSES DYSLIPIDEMIA
R-HSA-5689880	Ub-specific processing proteases	DISRUPTS LIPID AND PROTEIN METABOLISM OR CAUSES DYSLIPIDEMIA
R-HSA-77108	Utilization of Ketone Bodies	DISRUPTS LIPID AND PROTEIN METABOLISM OR CAUSES DYSLIPIDEMIA
R-HSA-196791	Vitamin D (calciferol) metabolism	DISRUPTS LIPID AND PROTEIN METABOLISM OR CAUSES DYSLIPIDEMIA
R-HSA-8848584	Wax and plasmalogen biosynthesis	DISRUPTS LIPID AND PROTEIN METABOLISM OR CAUSES DYSLIPIDEMIA
R-HSA-9640463	Wax biosynthesis	DISRUPTS LIPID AND PROTEIN METABOLISM OR CAUSES DYSLIPIDEMIA
R-HSA-2046104	alpha-linolenic (omega3) and linoleic (omega6) acid metabolism	DISRUPTS LIPID AND PROTEIN METABOLISM OR CAUSES DYSLIPIDEMIA
R-HSA-2046106	alpha-linolenic acid (ALA) metabolism	DISRUPTS LIPID AND PROTEIN METABOLISM OR CAUSES DYSLIPIDEMIA
R-HSA-379724	tRNA Aminoacylation	DISRUPTS LIPID AND PROTEIN METABOLISM OR CAUSES DYSLIPIDEMIA
R-HSA-1369062	ABC transporters in lipid homeostasis	DISRUPTS LIPID AND PROTEIN METABOLISM OR CAUSES DYSLIPIDEMIA;DISRUPTS TRANSPORT FUNCTION
R-HSA-352230	Amino acid transport across the plasma membrane	DISRUPTS LIPID AND PROTEIN METABOLISM OR CAUSES DYSLIPIDEMIA;DISRUPTS TRANSPORT FUNCTION
R-HSA-8963889	Assembly of active LPL and LIPC lipase complexes	DISRUPTS LIPID AND PROTEIN METABOLISM OR CAUSES DYSLIPIDEMIA;DISRUPTS TRANSPORT FUNCTION
R-HSA-6807878	COPI-mediated anterograde transport	DISRUPTS LIPID AND PROTEIN METABOLISM OR CAUSES DYSLIPIDEMIA;DISRUPTS TRANSPORT FUNCTION
R-HSA-204005	COPII-mediated vesicle transport	DISRUPTS LIPID AND PROTEIN METABOLISM OR CAUSES DYSLIPIDEMIA;DISRUPTS TRANSPORT FUNCTION
R-HSA-5694530	Cargo concentration in the ER	DISRUPTS LIPID AND PROTEIN METABOLISM OR CAUSES DYSLIPIDEMIA;DISRUPTS TRANSPORT FUNCTION
R-HSA-8963888	Chylomicron assembly	DISRUPTS LIPID AND PROTEIN METABOLISM OR CAUSES DYSLIPIDEMIA;DISRUPTS TRANSPORT FUNCTION
R-HSA-8964026	Chylomicron clearance	DISRUPTS LIPID AND PROTEIN METABOLISM OR CAUSES DYSLIPIDEMIA;DISRUPTS TRANSPORT FUNCTION
R-HSA-8963901	Chylomicron remodeling	DISRUPTS LIPID AND PROTEIN METABOLISM OR CAUSES DYSLIPIDEMIA;DISRUPTS TRANSPORT FUNCTION
R-HSA-9603798	Class I peroxisomal membrane protein import	DISRUPTS LIPID AND PROTEIN METABOLISM OR CAUSES DYSLIPIDEMIA;DISRUPTS TRANSPORT FUNCTION
R-HSA-199977	ER to Golgi Anterograde Transport	DISRUPTS LIPID AND PROTEIN METABOLISM OR CAUSES DYSLIPIDEMIA;DISRUPTS TRANSPORT FUNCTION
R-HSA-8963896	HDL assembly	DISRUPTS LIPID AND PROTEIN METABOLISM OR CAUSES DYSLIPIDEMIA;DISRUPTS TRANSPORT FUNCTION
R-HSA-8964011	HDL clearance	DISRUPTS LIPID AND PROTEIN METABOLISM OR CAUSES DYSLIPIDEMIA;DISRUPTS TRANSPORT FUNCTION
R-HSA-8964058	HDL remodeling	DISRUPTS LIPID AND PROTEIN METABOLISM OR CAUSES DYSLIPIDEMIA;DISRUPTS TRANSPORT FUNCTION
R-HSA-8964038	LDL clearance	DISRUPTS LIPID AND PROTEIN METABOLISM OR CAUSES DYSLIPIDEMIA;DISRUPTS TRANSPORT FUNCTION
R-HSA-8964041	LDL remodeling	DISRUPTS LIPID AND PROTEIN METABOLISM OR CAUSES DYSLIPIDEMIA;DISRUPTS TRANSPORT FUNCTION
R-HSA-9033241	Peroxisomal protein import	DISRUPTS LIPID AND PROTEIN METABOLISM OR CAUSES DYSLIPIDEMIA;DISRUPTS TRANSPORT FUNCTION
R-HSA-8963898	Plasma lipoprotein assembly	DISRUPTS LIPID AND PROTEIN METABOLISM OR CAUSES DYSLIPIDEMIA;DISRUPTS TRANSPORT FUNCTION
R-HSA-174824	Plasma lipoprotein assembly, remodeling, and clearance	DISRUPTS LIPID AND PROTEIN METABOLISM OR CAUSES DYSLIPIDEMIA;DISRUPTS TRANSPORT FUNCTION
R-HSA-8964043	Plasma lipoprotein clearance	DISRUPTS LIPID AND PROTEIN METABOLISM OR CAUSES DYSLIPIDEMIA;DISRUPTS TRANSPORT FUNCTION
R-HSA-8963899	Plasma lipoprotein remodeling	DISRUPTS LIPID AND PROTEIN METABOLISM OR CAUSES DYSLIPIDEMIA;DISRUPTS TRANSPORT FUNCTION
R-HSA-9033500	TYSND1 cleaves peroxisomal proteins	DISRUPTS LIPID AND PROTEIN METABOLISM OR CAUSES DYSLIPIDEMIA;DISRUPTS TRANSPORT FUNCTION
R-HSA-804914	Transport of fatty acids	DISRUPTS LIPID AND PROTEIN METABOLISM OR CAUSES DYSLIPIDEMIA;DISRUPTS TRANSPORT FUNCTION
R-HSA-432030	Transport of glycerol from adipocytes to the liver by Aquaporins	DISRUPTS LIPID AND PROTEIN METABOLISM OR CAUSES DYSLIPIDEMIA;DISRUPTS TRANSPORT FUNCTION
R-HSA-8866423	VLDL assembly	DISRUPTS LIPID AND PROTEIN METABOLISM OR CAUSES DYSLIPIDEMIA;DISRUPTS TRANSPORT FUNCTION
R-HSA-8964046	VLDL clearance	DISRUPTS LIPID AND PROTEIN METABOLISM OR CAUSES DYSLIPIDEMIA;DISRUPTS TRANSPORT FUNCTION
R-HSA-8866427	VLDLR internalisation and degradation	DISRUPTS LIPID AND PROTEIN METABOLISM OR CAUSES DYSLIPIDEMIA;DISRUPTS TRANSPORT FUNCTION
R-HSA-5676934	Protein repair	DISRUPTS LIPID AND PROTEIN METABOLISM OR CAUSES DYSLIPIDEMIA;INDUCES OXIDATIVE STRESS
R-HSA-5619084	ABC transporter disorders	DISRUPTS TRANSPORT FUNCTION
R-HSA-445717	Aquaporin-mediated transport	DISRUPTS TRANSPORT FUNCTION
R-HSA-425381	Bicarbonate transporters	DISRUPTS TRANSPORT FUNCTION
R-HSA-2173782	Binding and Uptake of Ligands by Scavenger Receptors	DISRUPTS TRANSPORT FUNCTION
R-HSA-6811434	COPI-dependent Golgi-to-ER retrograde traffic	DISRUPTS TRANSPORT FUNCTION
R-HSA-6811436	COPI-independent Golgi-to-ER retrograde traffic	DISRUPTS TRANSPORT FUNCTION
R-HSA-8856825	Cargo recognition for clathrin-mediated endocytosis	DISRUPTS TRANSPORT FUNCTION
R-HSA-426117	Cation-coupled Chloride cotransporters	DISRUPTS TRANSPORT FUNCTION
R-HSA-189200	Cellular hexose transport	DISRUPTS TRANSPORT FUNCTION
R-HSA-8856828	Clathrin-mediated endocytosis	DISRUPTS TRANSPORT FUNCTION
R-HSA-5682113	Defective ABCA1 causes TGD	DISRUPTS TRANSPORT FUNCTION
R-HSA-5682294	Defective ABCA12 causes ARCI4B	DISRUPTS TRANSPORT FUNCTION
R-HSA-5688399	Defective ABCA3 causes SMDP3	DISRUPTS TRANSPORT FUNCTION
R-HSA-5683371	Defective ABCB6 causes MCOPCB7	DISRUPTS TRANSPORT FUNCTION
R-HSA-5679001	Defective ABCC2 causes DJS	DISRUPTS TRANSPORT FUNCTION
R-HSA-5690338	Defective ABCC6 causes PXE	DISRUPTS TRANSPORT FUNCTION
R-HSA-5683177	Defective ABCC8 can cause hypo- and hyper-glycemias	DISRUPTS TRANSPORT FUNCTION
R-HSA-5678420	Defective ABCC9 causes CMD10, ATFB12 and Cantu syndrome	DISRUPTS TRANSPORT FUNCTION
R-HSA-5684045	Defective ABCD1 causes ALD	DISRUPTS TRANSPORT FUNCTION
R-HSA-5683329	Defective ABCD4 causes MAHCJ	DISRUPTS TRANSPORT FUNCTION
R-HSA-5679096	Defective ABCG5 causes sitosterolemia	DISRUPTS TRANSPORT FUNCTION
R-HSA-5679090	Defective ABCG8 causes GBD4 and sitosterolemia	DISRUPTS TRANSPORT FUNCTION
R-HSA-5619099	Defective AVP does not bind AVPR1A,B and causes neurohypophyseal diabetes insipidus (NDI)	DISRUPTS TRANSPORT FUNCTION
R-HSA-9036092	Defective AVP does not bind AVPR2 and causes neurohypophyseal diabetes insipidus (NDI)	DISRUPTS TRANSPORT FUNCTION
R-HSA-5678895	Defective CFTR causes cystic fibrosis	DISRUPTS TRANSPORT FUNCTION
R-HSA-5619060	Defective CP causes aceruloplasminemia (ACERULOP)	DISRUPTS TRANSPORT FUNCTION
R-HSA-5619073	Defective GCK causes maturity-onset diabetes of the young 2 (MODY2)	DISRUPTS TRANSPORT FUNCTION
R-HSA-5619056	Defective HK1 causes hexokinase deficiency (HK deficiency)	DISRUPTS TRANSPORT FUNCTION
R-HSA-5619042	Defective RHAG causes regulator type Rh-null hemolytic anemia (RHN)	DISRUPTS TRANSPORT FUNCTION
R-HSA-5619048	Defective SLC11A2 causes hypochromic microcytic anemia, with iron overload 1 (AHMIO1)	DISRUPTS TRANSPORT FUNCTION
R-HSA-5619104	Defective SLC12A1 causes Bartter syndrome 1 (BS1)	DISRUPTS TRANSPORT FUNCTION
R-HSA-5619087	Defective SLC12A3 causes Gitelman syndrome (GS)	DISRUPTS TRANSPORT FUNCTION
R-HSA-5619039	Defective SLC12A6 causes agenesis of the corpus callosum, with peripheral neuropathy (ACCPN)	DISRUPTS TRANSPORT FUNCTION
R-HSA-5619070	Defective SLC16A1 causes symptomatic deficiency in lactate transport (SDLT)	DISRUPTS TRANSPORT FUNCTION
R-HSA-5619035	Defective SLC17A5 causes Salla disease (SD) and ISSD	DISRUPTS TRANSPORT FUNCTION
R-HSA-5619076	Defective SLC17A8 causes autosomal dominant deafness 25 (DFNA25)	DISRUPTS TRANSPORT FUNCTION
R-HSA-5619067	Defective SLC1A1 is implicated in schizophrenia 18 (SCZD18) and dicarboxylic aminoaciduria (DCBXA)	DISRUPTS TRANSPORT FUNCTION
R-HSA-5619062	Defective SLC1A3 causes episodic ataxia 6 (EA6)	DISRUPTS TRANSPORT FUNCTION
R-HSA-5619111	Defective SLC20A2 causes idiopathic basal ganglia calcification 1 (IBGC1)	DISRUPTS TRANSPORT FUNCTION
R-HSA-5619071	Defective SLC22A12 causes renal hypouricemia 1 (RHUC1)	DISRUPTS TRANSPORT FUNCTION
R-HSA-5619066	Defective SLC22A18 causes lung cancer (LNCR) and embryonal rhabdomyosarcoma 1 (RMSE1)	DISRUPTS TRANSPORT FUNCTION
R-HSA-5619053	Defective SLC22A5 causes systemic primary carnitine deficiency (CDSP)	DISRUPTS TRANSPORT FUNCTION
R-HSA-5619077	Defective SLC24A1 causes congenital stationary night blindness 1D (CSNB1D)	DISRUPTS TRANSPORT FUNCTION
R-HSA-5619055	Defective SLC24A4 causes hypomineralized amelogenesis imperfecta (AI)	DISRUPTS TRANSPORT FUNCTION
R-HSA-5619036	Defective SLC24A5 causes oculocutaneous albinism 6 (OCA6)	DISRUPTS TRANSPORT FUNCTION
R-HSA-3560792	Defective SLC26A2 causes chondrodysplasias	DISRUPTS TRANSPORT FUNCTION
R-HSA-5619085	Defective SLC26A3 causes congenital secretory chloride diarrhea 1 (DIAR1)	DISRUPTS TRANSPORT FUNCTION
R-HSA-5619046	Defective SLC26A4 causes Pendred syndrome (PDS)	DISRUPTS TRANSPORT FUNCTION
R-HSA-5619108	Defective SLC27A4 causes ichthyosis prematurity syndrome (IPS)	DISRUPTS TRANSPORT FUNCTION
R-HSA-5619063	Defective SLC29A3 causes histiocytosis-lymphadenopathy plus syndrome (HLAS)	DISRUPTS TRANSPORT FUNCTION
R-HSA-5619043	Defective SLC2A1 causes GLUT1 deficiency syndrome 1 (GLUT1DS1)	DISRUPTS TRANSPORT FUNCTION
R-HSA-5619068	Defective SLC2A10 causes arterial tortuosity syndrome (ATS)	DISRUPTS TRANSPORT FUNCTION
R-HSA-5619098	Defective SLC2A2 causes Fanconi-Bickel syndrome (FBS)	DISRUPTS TRANSPORT FUNCTION
R-HSA-5619047	Defective SLC2A9 causes hypouricemia renal 2 (RHUC2)	DISRUPTS TRANSPORT FUNCTION
R-HSA-5619061	Defective SLC33A1 causes spastic paraplegia 42 (SPG42)	DISRUPTS TRANSPORT FUNCTION
R-HSA-5619040	Defective SLC34A1 causes hypophosphatemic nephrolithiasis/osteoporosis 1 (NPHLOP1)	DISRUPTS TRANSPORT FUNCTION
R-HSA-5619045	Defective SLC34A2 causes pulmonary alveolar microlithiasis (PALM)	DISRUPTS TRANSPORT FUNCTION
R-HSA-5619097	Defective SLC34A3 causes Hereditary hypophosphatemic rickets with hypercalciuria (HHRH)	DISRUPTS TRANSPORT FUNCTION
R-HSA-5619072	Defective SLC35A2 causes congenital disorder of glycosylation 2M (CDG2M)	DISRUPTS TRANSPORT FUNCTION
R-HSA-5619083	Defective SLC35A3 causes arthrogryposis, mental retardation, and seizures (AMRS)	DISRUPTS TRANSPORT FUNCTION
R-HSA-5619078	Defective SLC35C1 causes congenital disorder of glycosylation 2C (CDG2C)	DISRUPTS TRANSPORT FUNCTION
R-HSA-5619041	Defective SLC36A2 causes iminoglycinuria (IG) and hyperglycinuria (HG)	DISRUPTS TRANSPORT FUNCTION
R-HSA-5619088	Defective SLC39A4 causes acrodermatitis enteropathica, zinc-deficiency type (AEZ)	DISRUPTS TRANSPORT FUNCTION
R-HSA-5619113	Defective SLC3A1 causes cystinuria (CSNU)	DISRUPTS TRANSPORT FUNCTION
R-HSA-5655799	Defective SLC40A1 causes hemochromatosis 4 (HFE4) (duodenum)	DISRUPTS TRANSPORT FUNCTION
R-HSA-5619049	Defective SLC40A1 causes hemochromatosis 4 (HFE4) (macrophages)	DISRUPTS TRANSPORT FUNCTION
R-HSA-5619050	Defective SLC4A1 causes hereditary spherocytosis type 4 (HSP4),  distal renal tubular acidosis (dRTA) and dRTA with hemolytic anemia (dRTA-HA)	DISRUPTS TRANSPORT FUNCTION
R-HSA-5619054	Defective SLC4A4 causes renal tubular acidosis, proximal, with ocular abnormalities and mental retardation (pRTA-OA)	DISRUPTS TRANSPORT FUNCTION
R-HSA-5656364	Defective SLC5A1 causes congenital glucose/galactose malabsorption (GGM)	DISRUPTS TRANSPORT FUNCTION
R-HSA-5658208	Defective SLC5A2 causes renal glucosuria (GLYS1)	DISRUPTS TRANSPORT FUNCTION
R-HSA-5619096	Defective SLC5A5 causes thyroid dyshormonogenesis 1 (TDH1)	DISRUPTS TRANSPORT FUNCTION
R-HSA-5619109	Defective SLC6A2 causes orthostatic intolerance (OI)	DISRUPTS TRANSPORT FUNCTION
R-HSA-5619089	Defective SLC6A5 causes hyperekplexia 3 (HKPX3)	DISRUPTS TRANSPORT FUNCTION
R-HSA-5619092	Defective SLC9A6 causes  X-linked, syndromic mental retardation,, Christianson type (MRXSCH)	DISRUPTS TRANSPORT FUNCTION
R-HSA-5619052	Defective SLC9A9 causes autism 16 (AUTS16)	DISRUPTS TRANSPORT FUNCTION
R-HSA-5619110	Defective SLCO1B1 causes hyperbilirubinemia, Rotor type (HBLRR)	DISRUPTS TRANSPORT FUNCTION
R-HSA-5619058	Defective SLCO1B3 causes hyperbilirubinemia, Rotor type (HBLRR)	DISRUPTS TRANSPORT FUNCTION
R-HSA-5619095	Defective SLCO2A1 causes primary, autosomal recessive hypertrophic osteoarthropathy 2 (PHOAR2)	DISRUPTS TRANSPORT FUNCTION
R-HSA-5619107	Defective TPR may confer susceptibility towards thyroid papillary carcinoma (TPC)	DISRUPTS TRANSPORT FUNCTION
R-HSA-5619115	Disorders of transmembrane transporters	DISRUPTS TRANSPORT FUNCTION
R-HSA-917729	Endosomal Sorting Complex Required For Transport (ESCRT)	DISRUPTS TRANSPORT FUNCTION
R-HSA-1237044	Erythrocytes take up carbon dioxide and release oxygen	DISRUPTS TRANSPORT FUNCTION
R-HSA-1247673	Erythrocytes take up oxygen and release carbon dioxide	DISRUPTS TRANSPORT FUNCTION
R-HSA-196025	Formation of annular gap junctions	DISRUPTS TRANSPORT FUNCTION
R-HSA-190861	Gap junction assembly	DISRUPTS TRANSPORT FUNCTION
R-HSA-190873	Gap junction degradation	DISRUPTS TRANSPORT FUNCTION
R-HSA-190828	Gap junction trafficking	DISRUPTS TRANSPORT FUNCTION
R-HSA-157858	Gap junction trafficking and regulation	DISRUPTS TRANSPORT FUNCTION
R-HSA-432722	Golgi Associated Vesicle Biogenesis	DISRUPTS TRANSPORT FUNCTION
R-HSA-8856688	Golgi-to-ER retrograde transport	DISRUPTS TRANSPORT FUNCTION
R-HSA-429593	Inositol transporters	DISRUPTS TRANSPORT FUNCTION
R-HSA-9609523	Insertion of tail-anchored proteins into the endoplasmic reticulum membrane	DISRUPTS TRANSPORT FUNCTION
R-HSA-6811442	Intra-Golgi and retrograde Golgi-to-ER traffic	DISRUPTS TRANSPORT FUNCTION
R-HSA-6811438	Intra-Golgi traffic	DISRUPTS TRANSPORT FUNCTION
R-HSA-8981607	Intracellular oxygen transport	DISRUPTS TRANSPORT FUNCTION
R-HSA-983712	Ion channel transport	DISRUPTS TRANSPORT FUNCTION
R-HSA-936837	Ion transport by P-type ATPases	DISRUPTS TRANSPORT FUNCTION
R-HSA-917937	Iron uptake and transport	DISRUPTS TRANSPORT FUNCTION
R-HSA-432720	Lysosome Vesicle Biogenesis	DISRUPTS TRANSPORT FUNCTION
R-HSA-199991	Membrane Trafficking	DISRUPTS TRANSPORT FUNCTION
R-HSA-425410	Metal ion SLC transporters	DISRUPTS TRANSPORT FUNCTION
R-HSA-190840	Microtubule-dependent trafficking of connexons from Golgi to the plasma membrane	DISRUPTS TRANSPORT FUNCTION
R-HSA-5223345	Miscellaneous transport and binding events	DISRUPTS TRANSPORT FUNCTION
R-HSA-1480926	O2/CO2 exchange in erythrocytes	DISRUPTS TRANSPORT FUNCTION
R-HSA-190704	Oligomerization of connexins into connexons	DISRUPTS TRANSPORT FUNCTION
R-HSA-432047	Passive transport by Aquaporins	DISRUPTS TRANSPORT FUNCTION
R-HSA-433692	Proton-coupled monocarboxylate transport	DISRUPTS TRANSPORT FUNCTION
R-HSA-428559	Proton-coupled neutral amino acid transporters	DISRUPTS TRANSPORT FUNCTION
R-HSA-427975	Proton/oligopeptide cotransporters	DISRUPTS TRANSPORT FUNCTION
R-HSA-8876198	RAB GEFs exchange GTP for GDP on RABs	DISRUPTS TRANSPORT FUNCTION
R-HSA-9007101	Rab regulation of trafficking	DISRUPTS TRANSPORT FUNCTION
R-HSA-191650	Regulation of gap junction activity	DISRUPTS TRANSPORT FUNCTION
R-HSA-6811440	Retrograde transport at the Trans-Golgi-Network	DISRUPTS TRANSPORT FUNCTION
R-HSA-5619102	SLC transporter disorders	DISRUPTS TRANSPORT FUNCTION
R-HSA-425407	SLC-mediated transmembrane transport	DISRUPTS TRANSPORT FUNCTION
R-HSA-3000480	Scavenging by Class A Receptors	DISRUPTS TRANSPORT FUNCTION
R-HSA-3000471	Scavenging by Class B Receptors	DISRUPTS TRANSPORT FUNCTION
R-HSA-3000484	Scavenging by Class F Receptors	DISRUPTS TRANSPORT FUNCTION
R-HSA-3000497	Scavenging by Class H Receptors	DISRUPTS TRANSPORT FUNCTION
R-HSA-2168880	Scavenging of heme from plasma	DISRUPTS TRANSPORT FUNCTION
R-HSA-427652	Sodium-coupled phosphate cotransporters	DISRUPTS TRANSPORT FUNCTION
R-HSA-433137	Sodium-coupled sulphate, di- and tri-carboxylate transporters	DISRUPTS TRANSPORT FUNCTION
R-HSA-425561	Sodium/Calcium exchangers	DISRUPTS TRANSPORT FUNCTION
R-HSA-425986	Sodium/Proton exchangers	DISRUPTS TRANSPORT FUNCTION
R-HSA-2672351	Stimuli-sensing channels	DISRUPTS TRANSPORT FUNCTION
R-HSA-8854214	TBC/RABGAPs	DISRUPTS TRANSPORT FUNCTION
R-HSA-3295583	TRP channels	DISRUPTS TRANSPORT FUNCTION
R-HSA-917977	Transferrin endocytosis and recycling	DISRUPTS TRANSPORT FUNCTION
R-HSA-1445148	Translocation of SLC2A4 (GLUT4) to the plasma membrane	DISRUPTS TRANSPORT FUNCTION
R-HSA-190827	Transport of connexins along the secretory pathway	DISRUPTS TRANSPORT FUNCTION
R-HSA-190872	Transport of connexons to the plasma membrane	DISRUPTS TRANSPORT FUNCTION
R-HSA-83936	Transport of nucleosides and free purine and pyrimidine bases across the plasma membrane	DISRUPTS TRANSPORT FUNCTION
R-HSA-727802	Transport of nucleotide sugars	DISRUPTS TRANSPORT FUNCTION
R-HSA-425397	Transport of vitamins, nucleosides, and related molecules	DISRUPTS TRANSPORT FUNCTION
R-HSA-427589	Type II Na+/Pi cotransporters	DISRUPTS TRANSPORT FUNCTION
R-HSA-5619094	Variant SLC6A14 may confer susceptibility towards obesity	DISRUPTS TRANSPORT FUNCTION
R-HSA-432040	Vasopressin regulates renal water homeostasis via Aquaporins	DISRUPTS TRANSPORT FUNCTION
R-HSA-5653656	Vesicle-mediated transport	DISRUPTS TRANSPORT FUNCTION
R-HSA-435368	Zinc efflux and compartmentalization by the SLC30 family	DISRUPTS TRANSPORT FUNCTION
R-HSA-442380	Zinc influx into cells by the SLC39 gene family	DISRUPTS TRANSPORT FUNCTION
R-HSA-435354	Zinc transporters	DISRUPTS TRANSPORT FUNCTION
R-HSA-199992	trans-Golgi Network Vesicle Budding	DISRUPTS TRANSPORT FUNCTION
R-HSA-140179	Amine Oxidase reactions	INDUCES OXIDATIVE STRESS
R-HSA-211957	Aromatic amines can be N-hydroxylated or N-dealkylated by CYP1A2	INDUCES OXIDATIVE STRESS
R-HSA-8937144	Aryl hydrocarbon receptor signalling	INDUCES OXIDATIVE STRESS
R-HSA-141333	Biogenic amines are oxidatively deaminated to aldehydes by MAOA and MAOB	INDUCES OXIDATIVE STRESS
R-HSA-211859	Biological oxidations	INDUCES OXIDATIVE STRESS
R-HSA-140180	COX reactions	INDUCES OXIDATIVE STRESS
R-HSA-211999	CYP2E1 reactions	INDUCES OXIDATIVE STRESS
R-HSA-211897	Cytochrome P450 - arranged by substrate type	INDUCES OXIDATIVE STRESS
R-HSA-9707564	Cytoprotection by HMOX1	INDUCES OXIDATIVE STRESS
R-HSA-5578999	Defective GCLC causes HAGGSD	INDUCES OXIDATIVE STRESS
R-HSA-5579022	Defective GGT1 causes GLUTH	INDUCES OXIDATIVE STRESS
R-HSA-9035968	Defective GGT1 in aflatoxin detoxification causes GLUTH	INDUCES OXIDATIVE STRESS
R-HSA-5579006	Defective GSS causes GSS deficiency	INDUCES OXIDATIVE STRESS
R-HSA-5579002	Defective UGT1A1 causes hyperbilirubinemia	INDUCES OXIDATIVE STRESS
R-HSA-5579016	Defective UGT1A4 causes hyperbilirubinemia	INDUCES OXIDATIVE STRESS
R-HSA-3299685	Detoxification of Reactive Oxygen Species	INDUCES OXIDATIVE STRESS
R-HSA-211979	Eicosanoids	INDUCES OXIDATIVE STRESS
R-HSA-211976	Endogenous sterols	INDUCES OXIDATIVE STRESS
R-HSA-71384	Ethanol oxidation	INDUCES OXIDATIVE STRESS
R-HSA-9632697	Evasion of Oxidative Stress Induced Senescence Due to Defective p16INK4A binding to CDK4	INDUCES OXIDATIVE STRESS
R-HSA-9632700	Evasion of Oxidative Stress Induced Senescence Due to Defective p16INK4A binding to CDK4 and CDK6	INDUCES OXIDATIVE STRESS
R-HSA-9646304	Evasion of Oxidative Stress Induced Senescence Due to p14ARF Defects	INDUCES OXIDATIVE STRESS
R-HSA-9632693	Evasion of Oxidative Stress Induced Senescence Due to p16INK4A Defects	INDUCES OXIDATIVE STRESS
R-HSA-217271	FMO oxidises nucleophiles	INDUCES OXIDATIVE STRESS
R-HSA-9615017	FOXO-mediated transcription of oxidative stress, metabolic and neuronal genes	INDUCES OXIDATIVE STRESS
R-HSA-211935	Fatty acids	INDUCES OXIDATIVE STRESS
R-HSA-211958	Miscellaneous substrates	INDUCES OXIDATIVE STRESS
R-HSA-141334	PAOs oxidise polyamines to amines	INDUCES OXIDATIVE STRESS
R-HSA-211945	Phase I - Functionalization of compounds	INDUCES OXIDATIVE STRESS
R-HSA-156580	Phase II - Conjugation of compounds	INDUCES OXIDATIVE STRESS
R-HSA-9617629	Regulation of FOXO transcriptional activity by acetylation	INDUCES OXIDATIVE STRESS
R-HSA-9707587	Regulation of HMOX1 expression and activity	INDUCES OXIDATIVE STRESS
R-HSA-211994	Sterols are 12-hydroxylated by CYP8B1	INDUCES OXIDATIVE STRESS
R-HSA-211916	Vitamins	INDUCES OXIDATIVE STRESS
R-HSA-211981	Xenobiotics	INDUCES OXIDATIVE STRESS
R-HSA-9748784	Drug ADME	IS METABOLICALLY ACTIVATED OR REACTIVE
